Date,portfolio_returns
1999-01-05,0.006713067902406965
1999-01-06,0.017278527645573846
1999-01-07,-0.004864426762102988
1999-01-08,0.004225867187820093
1999-01-11,-0.006017329104631637
1999-01-12,-0.013452780473093819
1999-01-13,-0.008104714079543208
1999-01-14,-0.01273162732273247
1999-01-15,0.020730569727600942
1999-01-19,0.0018569645687299106
1999-01-20,-0.003908253330837514
1999-01-21,-0.011934906078248701
1999-01-22,-0.004383865306292016
1999-01-25,0.0016553732250984337
1999-01-26,0.0033473751624190032
1999-01-27,-0.007284785177596279
1999-01-28,0.010246529589390329
1999-01-29,0.007245318085676879
1999-02-01,-0.0033130846962513578
1999-02-02,-0.006715020014239834
1999-02-03,0.009257861047111375
1999-02-04,-0.008999979362087056
1999-02-05,-0.00564642942829656
1999-02-08,0.0017001084184857407
1999-02-09,-0.016486513621667406
1999-02-10,-0.00474473735797866
1999-02-11,0.015565806539086763
1999-02-12,-0.015505408191638882
1999-02-16,0.002583925177196863
1999-02-17,-0.013598384160601985
1999-02-18,0.004814660677993412
1999-02-19,0.0024252109066783102
1999-02-22,0.01961757531387417
1999-02-23,7.849475375873248e-05
1999-02-24,-0.009420973765082418
1999-02-25,-0.006480971839649245
1999-02-26,-0.0033769802491946813
1999-03-01,0.0018465062955074288
1999-03-02,-0.001663014834994626
1999-03-03,-0.002212215630424854
1999-03-04,0.010700255593134316
1999-03-05,0.01444732689933257
1999-03-08,0.0026872227980575996
1999-03-09,-0.005265375555011059
1999-03-10,0.006312569511155382
1999-03-11,0.004131924114682108
1999-03-12,-0.0037925155060775633
1999-03-15,0.004685053288481364
1999-03-16,-0.0011728977734815097
1999-03-17,-0.0015094458784596122
1999-03-18,0.005871487250254635
1999-03-19,-0.009087563832337178
1999-03-22,-0.005367007049831003
1999-03-23,-0.025273455609064386
1999-03-24,0.006841996878810593
1999-03-25,0.013025174207379111
1999-03-26,-0.0023677395143191044
1999-03-29,0.015221045249254262
1999-03-30,-0.008526031451170079
1999-03-31,-0.00372250267690034
1999-04-01,0.00037714270002299586
1999-04-05,0.009304334739590504
1999-04-06,-0.007449516001285451
1999-04-07,-0.003805865759488598
1999-04-08,0.007008241747055065
1999-04-09,0.006873048693604678
1999-04-12,0.007833012467820042
1999-04-13,0.00021665052729601922
1999-04-14,0.009941619446979006
1999-04-15,0.012926013935047255
1999-04-16,0.009118828352303184
1999-04-19,-0.0036921633693830763
1999-04-20,0.001323219204723389
1999-04-21,0.014220313378569199
1999-04-22,0.006598107825549751
1999-04-23,0.002503172536575922
1999-04-26,0.0004933591393532905
1999-04-27,0.0066073660035972015
1999-04-28,0.00149931723804631
1999-04-29,0.001824821753125119
1999-04-30,-0.0030105500719061944
1999-05-03,0.014568671087947523
1999-05-04,-0.005306690559541083
1999-05-05,0.004323982262585143
1999-05-06,-0.005448652433403976
1999-05-07,0.005434876470302291
1999-05-10,0.0015179537409521961
1999-05-11,0.008682694045407198
1999-05-12,0.003411144768023595
1999-05-13,0.00493358344133139
1999-05-14,-0.016741445682947484
1999-05-17,-0.003966359743731125
1999-05-18,-0.003263549931033515
1999-05-19,0.01024691285715601
1999-05-20,0.0020331295095539896
1999-05-21,-0.0006966612262570877
1999-05-24,-0.013404902584259661
1999-05-25,-0.011999012808022291
1999-05-26,0.005421129004807132
1999-05-27,-0.011284318933370948
1999-05-28,0.012089310523895166
1999-06-01,-0.0021553136636421125
1999-06-02,0.002118338567223204
1999-06-03,0.003211218746988537
1999-06-04,0.012038368887084911
1999-06-07,0.006470574029927692
1999-06-08,-0.006753988804581327
1999-06-09,-0.0009005634375644674
1999-06-10,-0.006841208144736715
1999-06-11,-0.005816720976932355
1999-06-14,-0.0017291521064763267
1999-06-15,0.002660697425489315
1999-06-16,0.014509965566430057
1999-06-17,0.0034921356590441274
1999-06-18,0.0023138785150892786
1999-06-21,-0.00011880518334298276
1999-06-22,-0.005207105184432263
1999-06-23,5.078525234779763e-05
1999-06-24,-0.012850425274459457
1999-06-25,-0.0004360722947550174
1999-06-28,0.011031201257643206
1999-06-29,0.012740780687895883
1999-06-30,0.009648024417629079
1999-07-01,0.0012553101947831427
1999-07-02,0.004963002727742046
1999-07-06,-0.0019695721213030407
1999-07-07,-0.003472115424813835
1999-07-08,-4.359424143502702e-05
1999-07-09,0.006096597194986146
1999-07-12,-0.0007293319352734399
1999-07-13,-0.005042451075771347
1999-07-14,0.004176205143415634
1999-07-15,0.007925138689594905
1999-07-16,0.004613021477582715
1999-07-19,-0.009366232138326068
1999-07-20,-0.014441940405864197
1999-07-21,0.0023046336844929345
1999-07-22,-0.009724722850954456
1999-07-23,-0.0018103746253720515
1999-07-26,-0.008753160020283667
1999-07-27,0.0072991389900657795
1999-07-28,-0.0019333922807713922
1999-07-29,-0.01362199416416134
1999-07-30,0.0010758457389575433
1999-08-02,-0.0020281360302211657
1999-08-03,-0.010358286239276222
1999-08-04,-0.012553551940389436
1999-08-05,0.002777070626683152
1999-08-06,-0.008705031638135305
1999-08-09,-0.0010270762093772226
1999-08-10,-0.009737640824506351
1999-08-11,0.011388502328644294
1999-08-12,-0.0006178061069155847
1999-08-13,0.013645899804913092
1999-08-16,0.0012548593723511808
1999-08-17,0.007160034576741407
1999-08-18,-0.006654752107816072
1999-08-19,-0.0019182759641665124
1999-08-20,0.0059736663890886665
1999-08-23,0.010868304595707954
1999-08-24,-0.0025576365126412817
1999-08-25,0.003730210592574437
1999-08-26,-0.0075306436463991
1999-08-27,-0.007334551879208387
1999-08-30,-0.015899318984619288
1999-08-31,0.00018266429134160977
1999-09-01,0.006787083696326018
1999-09-02,-0.008149530590215347
1999-09-03,0.021161995933410095
1999-09-07,-0.001830476566069381
1999-09-08,-0.005110661031845154
1999-09-09,0.002410142040851103
1999-09-10,0.0010327512021044809
1999-09-13,-0.006476943377789311
1999-09-14,-0.0034940341689212724
1999-09-15,-0.007443023989996404
1999-09-16,-0.008542913599194575
1999-09-17,0.008384120839004786
1999-09-20,-0.006104581681112408
1999-09-21,-0.01724471229474941
1999-09-22,-0.0005952663463980338
1999-09-23,-0.01627712954348228
1999-09-24,-0.004844703071820052
1999-09-27,0.004652187407438388
1999-09-28,-0.005958012747152136
1999-09-29,0.0014104769565769161
1999-09-30,0.010334267118018341
1999-10-01,-0.0067344062945984065
1999-10-04,0.0091125927746642
1999-10-05,-0.005669207930175873
1999-10-06,0.012199404780990832
1999-10-07,-0.007142876061925571
1999-10-08,0.0038459175862151597
1999-10-11,0.0035376931320124398
1999-10-12,-0.016046647237759122
1999-10-13,-0.01649523105907584
1999-10-14,-0.0012532534168421862
1999-10-15,-0.021341389026309117
1999-10-18,-0.0017395226626274775
1999-10-19,0.0023047092065021074
1999-10-20,0.012205424614267855
1999-10-21,-0.003198288492602788
1999-10-22,0.01196562533998426
1999-10-25,-0.00315573272179281
1999-10-26,-0.00787150627740325
1999-10-27,0.00799534232782436
1999-10-28,0.024816294924220994
1999-10-29,0.01538910006839777
1999-11-01,-0.0011133330698002647
1999-11-02,0.001905288291872169
1999-11-03,0.0014439420100850536
1999-11-04,0.0014744521138562853
1999-11-05,0.006214551185898643
1999-11-08,0.0035675923184139337
1999-11-09,-0.005604100308607839
1999-11-10,0.0010125476300245318
1999-11-11,0.0023557804258259665
1999-11-12,0.006225093391913703
1999-11-15,0.003877767891566401
1999-11-16,0.01276514380820857
1999-11-17,-0.001637252614023981
1999-11-18,0.005755970494688813
1999-11-19,-0.004606506563520952
1999-11-22,-0.00697530349365112
1999-11-23,-0.010737641825293033
1999-11-24,0.0022127788285054508
1999-11-26,0.00010138311404980175
1999-11-29,-0.008860420619795563
1999-11-30,0.0019279866719723172
1999-12-01,0.001002843188433785
1999-12-02,0.0067032944711056235
1999-12-03,0.0113241434198962
1999-12-06,-0.008333806097973274
1999-12-07,-0.005687964834434161
1999-12-08,-0.005265591357853637
1999-12-09,-0.006361138574805147
1999-12-10,0.0028412660482734814
1999-12-13,-0.0036035884058631474
1999-12-14,-0.006892528511338348
1999-12-15,0.00433619231488326
1999-12-16,0.0009616312822646625
1999-12-17,0.002089411213160455
1999-12-20,-0.003559433662440501
1999-12-21,0.008839851663019177
1999-12-22,0.004716790980354885
1999-12-23,0.013982380631845967
1999-12-27,0.002468772814537582
1999-12-28,0.0057714018872374396
1999-12-29,0.009056841581187752
1999-12-30,0.0020639233608225707
1999-12-31,0.008598178924204981
2000-01-03,-0.018344777133662726
2000-01-04,-0.026211018117310098
2000-01-05,0.0049740777131557085
2000-01-06,0.0047502925650272036
2000-01-07,0.024294015825073876
2000-01-10,0.00860835267116676
2000-01-11,-0.010172780512235769
2000-01-12,-0.0027800085550997522
2000-01-13,0.016572780922654073
2000-01-14,0.004436962720104286
2000-01-18,-0.00237550084941266
2000-01-19,0.0014819216656779713
2000-01-20,-0.008204533567240298
2000-01-21,-0.001434429271538613
2000-01-24,-0.018594664662674447
2000-01-25,-0.005331721363673799
2000-01-26,0.0029407308335556077
2000-01-27,-0.006532559281587545
2000-01-28,-0.02072414823126461
2000-01-31,0.0065604525357138965
2000-02-01,0.007732145800148431
2000-02-02,0.0016182473038807818
2000-02-03,0.011579220172938932
2000-02-04,-0.002327731544151168
2000-02-07,-0.002408866961988078
2000-02-08,0.0033428603818715717
2000-02-09,-0.013485576443773243
2000-02-10,-0.0030662237009469896
2000-02-11,-0.013863426528928675
2000-02-14,0.0007463640152646969
2000-02-15,0.0069271559899021845
2000-02-16,-0.0038875770966968876
2000-02-17,0.0038495351524873984
2000-02-18,-0.022308289010795887
2000-02-22,0.0013993957297395365
2000-02-23,-0.0008788238811109295
2000-02-24,-0.009047761326996601
2000-02-25,-0.009236716799309187
2000-02-28,0.008707703884213434
2000-02-29,0.01267041213830971
2000-03-01,0.005476561924183911
2000-03-02,-0.0036157584034428964
2000-03-03,0.013845265623131018
2000-03-06,-0.008482972285676748
2000-03-07,-0.019596551825822185
2000-03-08,0.0026557477311626426
2000-03-09,0.016563854493328804
2000-03-10,-0.0044198450228727666
2000-03-13,-0.006499454641890887
2000-03-14,-0.015430125265840358
2000-03-15,0.0288560852137078
2000-03-16,0.054297033811341364
2000-03-17,-0.008066774133198333
2000-03-20,-0.010121925392860729
2000-03-21,0.017279560286143282
2000-03-22,0.005077547156284411
2000-03-23,0.010548377384292519
2000-03-24,0.0010701501073232408
2000-03-27,-0.005671227833976052
2000-03-28,-0.006449128339431058
2000-03-29,-3.308338150126238e-05
2000-03-30,0.002463803746058221
2000-03-31,0.01567577482685558
2000-04-03,-0.005628622800715716
2000-04-04,-0.008432392979564394
2000-04-05,0.004871070476781501
2000-04-06,0.013065060909203558
2000-04-07,0.0028537113638205454
2000-04-10,-0.008861662976909806
2000-04-11,0.0018912976231795252
2000-04-12,-0.00397901927287528
2000-04-13,-0.007346182144994359
2000-04-14,-0.051780596195989535
2000-04-17,0.011095234581006039
2000-04-18,0.023698613479783727
2000-04-19,-0.004515363554946637
2000-04-20,0.007065683673911601
2000-04-24,-0.0015182722152415735
2000-04-25,0.027508308039337546
2000-04-26,-0.007597571740139645
2000-04-27,0.0005468861342099392
2000-04-28,0.0033439880949697335
2000-05-01,0.012019997263194165
2000-05-02,-0.010982188357980826
2000-05-03,-0.01843683465708411
2000-05-04,0.00874955656700917
2000-05-05,0.01234874365283634
2000-05-08,-0.002417458799065331
2000-05-09,-0.00690569420723255
2000-05-10,-0.01474861985570038
2000-05-11,0.019801184821797588
2000-05-12,0.0035846544743576474
2000-05-15,0.016152924648000225
2000-05-16,0.008299834764357222
2000-05-17,-0.01046071774079971
2000-05-18,-0.004023365365669688
2000-05-19,-0.015464588970204043
2000-05-22,-0.0056780529954859925
2000-05-23,-0.007509399538791692
2000-05-24,0.008300613025392577
2000-05-25,-0.012058295041266496
2000-05-26,-0.0036841463901254976
2000-05-30,0.026036148407310198
2000-05-31,-0.0024105845449529572
2000-06-01,0.01887977959152299
2000-06-02,0.01593368222573273
2000-06-05,-0.007835890845849888
2000-06-06,-0.005543564476225005
2000-06-07,0.0031993385651184324
2000-06-08,-0.006950111630443611
2000-06-09,0.0009593670062813268
2000-06-12,-0.009098012738785643
2000-06-13,0.008113204740748687
2000-06-14,0.0011543988921430344
2000-06-15,0.002009107060836083
2000-06-16,-0.007166664195417628
2000-06-19,0.004500007302805965
2000-06-20,-0.008668110096824704
2000-06-21,0.0007624839718957334
2000-06-22,-0.011226537090615609
2000-06-23,-0.004950725912319374
2000-06-26,0.008659215316602537
2000-06-27,0.0008039618064810276
2000-06-28,0.00806098520952852
2000-06-29,-0.0040045105411753105
2000-06-30,-0.011958549400776631
2000-07-03,0.018172446629103993
2000-07-05,-0.008317870211723711
2000-07-06,0.007107105269318642
2000-07-07,0.009168094818795889
2000-07-10,0.004157919097623051
2000-07-11,0.005670487075484863
2000-07-12,0.007507253632782858
2000-07-13,0.001291356653250667
2000-07-14,0.004480967210576204
2000-07-17,-0.00047644393161669926
2000-07-18,-0.006725164283567701
2000-07-19,-0.008833666800667167
2000-07-20,0.008121784848514804
2000-07-21,-0.011327263019302154
2000-07-24,-0.006551458830331505
2000-07-25,0.002144844008714684
2000-07-26,-0.004324308918847659
2000-07-27,-0.002317346610524717
2000-07-28,-0.011170121263605122
2000-07-31,0.010944312244803996
2000-08-01,0.007815245201273604
2000-08-02,0.0027981979126622983
2000-08-03,0.0047656699637005145
2000-08-04,0.006032662771719164
2000-08-07,0.011610709594668343
2000-08-08,0.004390747142630678
2000-08-09,-0.004618207371824894
2000-08-10,-0.005296738488397542
2000-08-11,0.01209549270601403
2000-08-14,0.00967903395634077
2000-08-15,-0.006828132137807284
2000-08-16,-0.0002239344436194042
2000-08-17,0.006954341138892605
2000-08-18,-0.0023536027584509754
2000-08-21,0.0010946718424760513
2000-08-22,-0.00010383430746381962
2000-08-23,-0.0001140760988262846
2000-08-24,0.0014412017983478033
2000-08-25,0.0015113278576238494
2000-08-28,0.0004856747216104675
2000-08-29,-0.00041448772182631975
2000-08-30,0.002554906492214115
2000-08-31,0.007297742357663636
2000-09-01,0.002852532629666482
2000-09-05,0.000772552157542716
2000-09-06,-0.000665911908771496
2000-09-07,0.005011628830519544
2000-09-08,-0.002047995230644275
2000-09-11,0.004041512044236781
2000-09-12,-0.001108267651838626
2000-09-13,-0.0003307277684690947
2000-09-14,-0.0004319277385793933
2000-09-15,-0.0055633668050130885
2000-09-18,-0.022824126327146886
2000-09-19,0.0011269946826163281
2000-09-20,-0.005979546517832366
2000-09-21,-0.008484559274012416
2000-09-22,0.007033502762372666
2000-09-25,-0.0023030142766388324
2000-09-26,-0.005164283836021052
2000-09-27,0.001983271452848455
2000-09-28,0.02236826539020116
2000-09-29,-0.005109276592130726
2000-10-02,-0.007118065028085389
2000-10-03,-0.004167017608954238
2000-10-04,-0.0002721638622179897
2000-10-05,-0.00407466401377731
2000-10-06,-0.014225498429766135
2000-10-09,-0.000749349609059521
2000-10-10,-0.006011477569042772
2000-10-11,-0.010737058554201227
2000-10-12,-0.012838746809678076
2000-10-13,0.020859701611506302
2000-10-16,0.0035138088591561215
2000-10-17,-0.018280403944300465
2000-10-18,-0.004263093586826692
2000-10-19,0.025149270883900465
2000-10-20,0.006782649854234458
2000-10-23,0.001285877686233762
2000-10-24,0.0013246069103925219
2000-10-25,-0.013704389732593485
2000-10-26,0.006599883833462338
2000-10-27,0.009434682809048824
2000-10-30,0.018759831207020114
2000-10-31,0.022283105540399036
2000-11-01,-0.001558586689467134
2000-11-02,0.00742431281832304
2000-11-03,-0.003313549856259417
2000-11-06,0.002147699173446233
2000-11-07,0.000724159499049803
2000-11-08,-0.004080900865728827
2000-11-09,-0.007092996928840004
2000-11-10,-0.01777884996951568
2000-11-13,-0.005526925750594068
2000-11-14,0.015687277835635713
2000-11-15,0.00863655353627462
2000-11-16,-0.012584679982686895
2000-11-17,0.0016339685755695258
2000-11-20,-0.015879592213528044
2000-11-21,-0.0005613200035562968
2000-11-22,-0.012143015301124263
2000-11-24,0.016059651808451408
2000-11-27,0.004091488970847105
2000-11-28,-0.013981473830955871
2000-11-29,0.0028543635964986013
2000-11-30,-0.014409160058340285
2000-12-01,0.012368133395511776
2000-12-04,0.0028537989172265064
2000-12-05,0.026137339803719267
2000-12-06,-0.014432640935123114
2000-12-07,-0.0012358396730465877
2000-12-08,0.024218649749501647
2000-12-11,0.00572035391783036
2000-12-12,-0.005160073904445377
2000-12-13,-0.01030732228668022
2000-12-14,-0.0148953194261932
2000-12-15,-0.012347368860891945
2000-12-18,0.01381594609357898
2000-12-19,-0.007602232541665217
2000-12-20,-0.02219532713944181
2000-12-21,0.006230548938822567
2000-12-22,0.026012494727571018
2000-12-26,0.008575756660329047
2000-12-27,0.020884668951044336
2000-12-28,0.016007357837844384
2000-12-29,-0.009691802885054387
2001-01-02,-0.029370216270799637
2001-01-03,0.03457923863632823
2001-01-04,-0.01368979720231911
2001-01-05,-0.020039152431049624
2001-01-08,0.0009985158693421056
2001-01-09,0.0009168754041489666
2001-01-10,0.009364465382276522
2001-01-11,0.00553983375800927
2001-01-12,-0.0011410822497057087
2001-01-16,0.009483061428710313
2001-01-17,0.0014558171737226245
2001-01-18,0.00010691091780658647
2001-01-19,-0.011084471480939653
2001-01-22,0.007018507393419819
2001-01-23,0.016693466613930466
2001-01-24,0.0019877038855995316
2001-01-25,0.0014325181250778429
2001-01-26,-0.0022724343086786302
2001-01-29,0.010236574131328679
2001-01-30,0.006555600215884255
2001-01-31,-0.0011623944982416669
2001-02-01,0.0021508887905769174
2001-02-02,-0.009892427836923672
2001-02-05,0.0032764262874075524
2001-02-06,0.004475957737534194
2001-02-07,0.0007403923993283725
2001-02-08,-0.0030068678607135177
2001-02-09,-0.009089237885795541
2001-02-12,0.009370529104428576
2001-02-13,-0.0024754518073096653
2001-02-14,-9.525071502844266e-05
2001-02-15,0.007096336990479902
2001-02-16,-0.01127451273999145
2001-02-20,-0.012419484352285064
2001-02-21,-0.013238420335168678
2001-02-22,-0.005333942851813531
2001-02-23,-0.004119061404650519
2001-02-26,0.018658969747927145
2001-02-27,-0.007700368930575102
2001-02-28,-0.009388554951940277
2001-03-01,-0.00012578363108387946
2001-03-02,0.004930722443609406
2001-03-05,0.005747769767345524
2001-03-06,0.006190660049270417
2001-03-07,0.00920054835349162
2001-03-08,0.002602724809340534
2001-03-09,-0.01660969677372292
2001-03-12,-0.034727057017039896
2001-03-13,0.002730856600661152
2001-03-14,-0.020193829922076217
2001-03-15,-0.0007510143251766567
2001-03-16,-0.021325560978367308
2001-03-19,0.015430240673225577
2001-03-20,-0.014080672698196565
2001-03-21,-0.017662914158329795
2001-03-22,-0.01151164317042901
2001-03-23,0.017512760111709554
2001-03-26,0.014005286471108526
2001-03-27,0.013974196300526865
2001-03-28,-0.016767938234015282
2001-03-29,-0.0027804892255760853
2001-03-30,0.01196132464443725
2001-04-02,-0.014375556524502179
2001-04-03,-0.031449942256005406
2001-04-04,0.0010086856093318277
2001-04-05,0.03570804770042209
2001-04-06,-0.024321714685873023
2001-04-09,0.012719375139215859
2001-04-10,0.02636762094491652
2001-04-11,-0.004927242750914771
2001-04-12,0.012084138088424392
2001-04-16,-0.011468575890615855
2001-04-17,0.019775029309308394
2001-04-18,0.032657059405567485
2001-04-19,0.010352763783347676
2001-04-20,-0.010404379438969392
2001-04-23,-0.010573388878982758
2001-04-24,-0.0017010728502500764
2001-04-25,0.014272473919316927
2001-04-26,0.007341599736961635
2001-04-27,0.014539274585940346
2001-04-30,0.003739984301979988
2001-05-01,0.0011334460047795827
2001-05-02,0.009816825317348404
2001-05-03,-0.013115916344327107
2001-05-04,0.012426026918698891
2001-05-07,-0.010952478538330413
2001-05-08,0.009208201676561074
2001-05-09,-0.0004831136257942709
2001-05-10,0.002552293047547477
2001-05-11,-0.011631427592443268
2001-05-14,0.00909507767991614
2001-05-15,0.00525329913073533
2001-05-16,0.02433021362316628
2001-05-17,0.009274965188314908
2001-05-18,-0.00015967050506578883
2001-05-21,0.017189318249067817
2001-05-22,-0.0003780637587237258
2001-05-23,-0.01455776479460092
2001-05-24,0.0018916583541105925
2001-05-25,-0.006255225912187657
2001-05-29,-0.00782478957710026
2001-05-30,-0.015448597707555717
2001-05-31,0.00876648988444871
2001-06-01,0.0052036027975244994
2001-06-04,0.006115205089714717
2001-06-05,0.011993504064690215
2001-06-06,-0.00952543901982522
2001-06-07,0.0038012841981642335
2001-06-08,-0.00663272167472204
2001-06-11,-0.00910690293210913
2001-06-12,-0.0007818327070113638
2001-06-13,-0.005427155349409174
2001-06-14,-0.01978241358247589
2001-06-15,-0.002454336305636246
2001-06-18,-0.00543769487229428
2001-06-19,-0.0017722948848782
2001-06-20,0.007945302400444028
2001-06-21,0.005073502900804519
2001-06-22,-0.010111303828876018
2001-06-25,-0.005890029387068001
2001-06-26,0.00453182131487852
2001-06-27,0.000825153854381524
2001-06-28,0.009980816987218704
2001-06-29,0.007359508919923881
2001-07-02,0.0020357182239819733
2001-07-03,-0.00014988609886461702
2001-07-05,-0.0067417235744842464
2001-07-06,-0.018346484699823206
2001-07-09,0.0032594245512717864
2001-07-10,-0.011711801259575123
2001-07-11,-0.002230071723317447
2001-07-12,0.02018952915102352
2001-07-13,-0.002736924194998205
2001-07-16,-0.002765245373613996
2001-07-17,0.009250333523242716
2001-07-18,-0.0040401523941998
2001-07-19,0.005714401407198112
2001-07-20,-0.003174629722597449
2001-07-23,-0.0114126628519944
2001-07-24,-0.01567733776533858
2001-07-25,0.011469503983889164
2001-07-26,0.011721937147734462
2001-07-27,0.0016759550015227494
2001-07-30,0.00044423743091973067
2001-07-31,0.0052623825186213745
2001-08-01,0.0013219097063379467
2001-08-02,0.0024754468334176626
2001-08-03,-0.0022909728715130796
2001-08-06,-0.010747749101109856
2001-08-07,0.0020723844051034686
2001-08-08,-0.013030719981310878
2001-08-09,0.0009722809218173697
2001-08-10,0.004342620806001531
2001-08-13,0.002361195751512355
2001-08-14,0.002667039891901326
2001-08-15,-0.002443452781147097
2001-08-16,0.0019083091488263139
2001-08-17,-0.009714179264427416
2001-08-20,0.0031678415725613193
2001-08-21,-0.007088798356430861
2001-08-22,0.00795410737878906
2001-08-23,-0.0031442261094650507
2001-08-24,0.01389287292623266
2001-08-27,-0.001182888477928779
2001-08-28,-0.011746086464826843
2001-08-29,-0.006778715585289163
2001-08-30,-0.01222381107620786
2001-08-31,0.005429779564818693
2001-09-04,-0.0010547120304048362
2001-09-05,-0.007260624867892329
2001-09-06,-0.01704569047478529
2001-09-07,-0.018096147740174966
2001-09-10,-0.006299677432799424
2001-09-17,-0.05707799423237609
2001-09-18,-0.01395472459404849
2001-09-19,-0.017702144687637006
2001-09-20,-0.03379642932148963
2001-09-21,-0.017971341969668223
2001-09-24,0.033368229008332
2001-09-25,0.0033664602144926003
2001-09-26,-0.014083048055160956
2001-09-27,0.01170419844381736
2001-09-28,0.01956821128046376
2001-10-01,-0.004519548928860832
2001-10-02,0.010787725865271594
2001-10-03,0.02868398187349186
2001-10-04,0.004888455869560506
2001-10-05,-0.0010152953759640377
2001-10-08,-0.008941990741420398
2001-10-09,-0.00311261569429475
2001-10-10,0.026244416118409303
2001-10-11,0.022506632084059716
2001-10-12,-0.00683239519635997
2001-10-15,-0.0006105705852456348
2001-10-16,0.003988316214328523
2001-10-17,-0.012911357050291266
2001-10-18,-0.008032879406392609
2001-10-19,0.006343785872310708
2001-10-22,0.013079227462620092
2001-10-23,-0.0022970263929026997
2001-10-24,0.0012213502647752986
2001-10-25,0.012091647481931277
2001-10-26,0.0017634893816716093
2001-10-29,-0.014102400275321022
2001-10-30,-0.01714138196672551
2001-10-31,0.005942792315603073
2001-11-01,0.016258583744030483
2001-11-02,0.004850826654887159
2001-11-05,0.011778562354549563
2001-11-06,0.011552259649789131
2001-11-07,0.0005280759978212901
2001-11-08,-0.0027471073101563714
2001-11-09,-0.0007856439499664828
2001-11-12,0.0006691252675779534
2001-11-13,0.015878333290855383
2001-11-14,0.006000707244402886
2001-11-15,-0.0011074680835340047
2001-11-16,0.00031594904062593555
2001-11-19,0.011040310513295556
2001-11-20,-0.005733080451251591
2001-11-21,-0.0038600918110051506
2001-11-23,0.011302302747006339
2001-11-26,0.0064541452043757885
2001-11-27,-0.0015826857841638232
2001-11-28,-0.013344161894425794
2001-11-29,0.00886103474529651
2001-11-30,0.00027895908253384533
2001-12-03,-0.004618084690574417
2001-12-04,0.016457481895667782
2001-12-05,0.024925404858132258
2001-12-06,0.0013663573019865045
2001-12-07,-0.004618930937398285
2001-12-10,-0.013981599819526578
2001-12-11,0.0004442909962252254
2001-12-12,-0.0017950519251402563
2001-12-13,-0.01162824678228234
2001-12-14,0.00220453507099398
2001-12-17,0.009128350377452903
2001-12-18,0.012548474458431397
2001-12-19,0.0013376562453461913
2001-12-20,-0.008222931596120751
2001-12-21,0.006609970184795113
2001-12-24,-0.0033964324791104163
2001-12-26,0.00746979830959201
2001-12-27,0.012208655754674471
2001-12-28,0.0056397761116697715
2001-12-31,-0.011649454117646807
2002-01-02,0.006853659900694672
2002-01-03,0.00819051361270551
2002-01-04,0.006872538972233404
2002-01-07,-0.005238921870916201
2002-01-08,-0.002146441031854532
2002-01-09,-0.0015697453695915433
2002-01-10,-0.0026015134172583452
2002-01-11,-0.007922169833086965
2002-01-14,-0.00882707723195414
2002-01-15,0.004695090893964273
2002-01-16,-0.01630304513272162
2002-01-17,0.00978675534975512
2002-01-18,-0.008765169178266849
2002-01-22,-0.003505540420909508
2002-01-23,0.00925343406539354
2002-01-24,0.007744281549013889
2002-01-25,0.003697662403411587
2002-01-28,0.0023064636183121206
2002-01-29,-0.017573561219559133
2002-01-30,0.009556016136979375
2002-01-31,0.01305633160029997
2002-02-01,-0.003925472066041288
2002-02-04,-0.019569136379824884
2002-02-05,-0.006446288468617969
2002-02-06,-0.008099581119596064
2002-02-07,-0.004030070901959234
2002-02-08,0.014820168877289389
2002-02-11,0.017060536049308427
2002-02-12,-0.002394120551293987
2002-02-13,0.008976574566514784
2002-02-14,-0.004119154941602027
2002-02-15,-0.0050034151490537335
2002-02-19,-0.01786005682779315
2002-02-20,0.010682123537446306
2002-02-21,-0.010697486577085885
2002-02-22,0.007373538187592983
2002-02-25,0.012237302747399868
2002-02-26,0.006127946455705354
2002-02-27,0.0038760177523214667
2002-02-28,-0.003298472881070266
2002-03-01,0.015998888236482503
2002-03-04,0.023645303549117445
2002-03-05,-0.004476335941013593
2002-03-06,0.01503576224924074
2002-03-07,-0.0006095323964419046
2002-03-08,0.006054980565182757
2002-03-11,0.00388495684128182
2002-03-12,-0.004514876900933839
2002-03-13,-0.006742406720579981
2002-03-14,0.0021032106387386252
2002-03-15,0.008219584184297605
2002-03-18,0.002925471291018538
2002-03-19,0.00464952492789411
2002-03-20,-0.010804353504971529
2002-03-21,0.0028580993320806037
2002-03-22,-0.0034962679467973948
2002-03-25,-0.012626340845272165
2002-03-26,0.007397649718672758
2002-03-27,0.0076272841126341084
2002-03-28,-0.003724391498573506
2002-04-01,-0.001957673913909537
2002-04-02,-0.0005189682185683438
2002-04-03,-0.010671896338168778
2002-04-04,0.0019847248723234164
2002-04-05,0.0015362562214348517
2002-04-08,0.006611013612360934
2002-04-09,-0.00046304466876529517
2002-04-10,0.01266796042210596
2002-04-11,-0.015957866936515828
2002-04-12,0.009862918303172236
2002-04-15,-0.003722299006825072
2002-04-16,0.016859736806285185
2002-04-17,-0.0023675263242569277
2002-04-18,-0.0027898088028880164
2002-04-19,0.00015488824439483455
2002-04-22,-0.012590718508825254
2002-04-23,-0.002463230271416747
2002-04-24,-0.005771017428248298
2002-04-25,-0.00043640620553798596
2002-04-26,-0.011074497039906744
2002-04-29,-0.009597076564762537
2002-04-30,0.013787620918934613
2002-05-01,-0.0024250384322523242
2002-05-02,0.008905517314778984
2002-05-03,-0.005149617517537712
2002-05-06,-0.015701059584800225
2002-05-07,-0.004747780967227517
2002-05-08,0.02456022528341475
2002-05-09,-0.013005542476669872
2002-05-10,-0.014577941015933057
2002-05-13,0.011035721238816607
2002-05-14,0.01974342312322911
2002-05-15,3.248256711763575e-05
2002-05-16,-0.0018944054329435623
2002-05-17,0.003626916934977008
2002-05-20,-0.008083752578106843
2002-05-21,-0.012081865939725243
2002-05-22,0.0017730218435884546
2002-05-23,0.01366643243231759
2002-05-24,-0.008440563068921122
2002-05-28,-0.006507656568909993
2002-05-29,-0.006496385154357081
2002-05-30,-0.0029311156174753918
2002-05-31,0.003773371875450582
2002-06-03,-0.02348654377116261
2002-06-04,-0.0032557845729131573
2002-06-05,0.006805783056717744
2002-06-06,-0.01773140140060056
2002-06-07,0.003478625505356374
2002-06-10,0.0009136614967151407
2002-06-11,-0.015940266886703653
2002-06-12,0.0005049448450222063
2002-06-13,-0.009250479927130986
2002-06-14,-0.0001862254847165617
2002-06-17,0.026025578458105103
2002-06-18,0.001242282425252237
2002-06-19,-0.012225225571385116
2002-06-20,-0.008823368762267247
2002-06-21,-0.009881529531220347
2002-06-24,-0.003427122715507584
2002-06-25,-0.014792846046917628
2002-06-26,-0.005157615840762079
2002-06-27,0.013526130923673593
2002-06-28,0.003705297756824698
2002-07-01,-0.022410799663763574
2002-07-02,-0.028874874045910395
2002-07-03,-0.0026152822642591363
2002-07-05,0.033135931420701197
2002-07-08,-0.013206662009134226
2002-07-09,-0.01863962471037038
2002-07-10,-0.02814596518647083
2002-07-11,0.00043352394716173457
2002-07-12,-0.004842608454441743
2002-07-15,-0.004890786256889898
2002-07-16,-0.010499574562986794
2002-07-17,0.003642638690972399
2002-07-18,-0.02503079595322899
2002-07-19,-0.034137153061906594
2002-07-22,-0.030101195115565707
2002-07-23,-0.031689027470149095
2002-07-24,0.04679046936413691
2002-07-25,-0.002540762889339022
2002-07-26,0.00971016419058522
2002-07-29,0.051741309376030664
2002-07-30,0.002711279243970508
2002-07-31,-0.00433128095037346
2002-08-01,-0.019169062658797364
2002-08-02,-0.02839918397768996
2002-08-05,-0.031471893360631394
2002-08-06,0.03138008263225894
2002-08-07,0.010342316404258995
2002-08-08,0.025076995208123724
2002-08-09,0.0013024931358046755
2002-08-12,-0.0033136416788221526
2002-08-13,-0.01796760994349831
2002-08-14,0.029630695557253207
2002-08-15,0.011210571283703782
2002-08-16,0.004835599136571606
2002-08-19,0.019758975148992115
2002-08-20,-0.01062271217762443
2002-08-21,0.014684696054540935
2002-08-22,0.013667393229268545
2002-08-23,-0.019201332664499013
2002-08-26,0.011408030513653612
2002-08-27,-0.017373870782350337
2002-08-28,-0.019691439251489685
2002-08-29,0.002684010479485393
2002-08-30,-0.0021781885401064875
2002-09-03,-0.032400522512635775
2002-09-04,0.01740250270860482
2002-09-05,-0.014963050008746391
2002-09-06,0.019885353824284427
2002-09-09,0.008025732493493727
2002-09-10,0.006102098777027614
2002-09-11,0.0015332504612268036
2002-09-12,-0.02067813110311928
2002-09-13,0.002094257522544995
2002-09-16,-0.0035062351748309313
2002-09-17,-0.0194704349502701
2002-09-18,-0.006183305714485306
2002-09-19,-0.02721048073957017
2002-09-20,0.003929111554238034
2002-09-23,-0.019315017135268973
2002-09-24,-0.01788359344820429
2002-09-25,0.024223502725912904
2002-09-26,0.01972136735013638
2002-09-27,-0.024676192347784988
2002-09-30,-0.009202897841309607
2002-10-01,0.02476247204954854
2002-10-02,-0.02631562152045197
2002-10-03,-0.013461872872261589
2002-10-04,-0.030496561102119374
2002-10-07,-0.025307201945887738
2002-10-08,0.009756389347100465
2002-10-09,-0.03613678482847464
2002-10-10,0.03323767903894538
2002-10-11,0.03432570130939029
2002-10-14,0.004311420700712996
2002-10-15,0.04087392734149552
2002-10-16,-0.02958709472368649
2002-10-17,0.027487000623835207
2002-10-18,0.005122333292893515
2002-10-21,0.022856213527748734
2002-10-22,-0.014145552480571047
2002-10-23,0.012504612011804656
2002-10-24,-0.00992446480906577
2002-10-25,0.013064064292829
2002-10-28,-0.008585789931192227
2002-10-29,-0.00900116683707117
2002-10-30,0.011664526229266472
2002-10-31,0.00015346486575375815
2002-11-01,0.02022200146135972
2002-11-04,0.008566503128408997
2002-11-05,0.0009350256380819415
2002-11-06,0.014911117882044932
2002-11-07,-0.02293678149221362
2002-11-08,-0.014091045077472854
2002-11-11,-0.02158606913679688
2002-11-12,0.010893491080793237
2002-11-13,0.0020801041650947098
2002-11-14,0.027316425713088635
2002-11-15,0.009368809204141822
2002-11-18,-0.006054189195732187
2002-11-19,-0.004502311098944464
2002-11-20,0.017786265499456635
2002-11-21,0.024943494451252414
2002-11-22,0.0025013145561183416
2002-11-25,0.0050630499689246315
2002-11-26,-0.018134672059930707
2002-11-27,0.02662724909198368
2002-11-29,0.0007333014749423682
2002-12-02,0.0007532741290916952
2002-12-03,-0.016385792994238594
2002-12-04,-0.006632789588641238
2002-12-05,-0.00891746887556415
2002-12-06,0.004636080160021608
2002-12-09,-0.02302401464356454
2002-12-10,0.013961974649566285
2002-12-11,0.001621656518662477
2002-12-12,0.0012976805388659487
2002-12-13,-0.016134649427540095
2002-12-16,0.0192801900512581
2002-12-17,-0.00930506877448467
2002-12-18,-0.01544967123658531
2002-12-19,-0.006178553567024181
2002-12-20,0.010603504509138505
2002-12-23,0.0010876268976873866
2002-12-24,-0.01054716148080022
2002-12-26,0.001422018912638075
2002-12-27,-0.007967769048098317
2002-12-30,0.002227633791658152
2002-12-31,0.0004768840357524365
2003-01-02,0.034559694353282176
2003-01-03,-0.004030173190615726
2003-01-06,0.016991545758110075
2003-01-07,-0.00724304840053675
2003-01-08,-0.012213987229891563
2003-01-09,0.019147395765778827
2003-01-10,0.000744200341341363
2003-01-13,-0.003498716418381914
2003-01-14,0.0031668781910280898
2003-01-15,-0.009850301667433257
2003-01-16,-0.0017179512650389171
2003-01-17,-0.014941479199427843
2003-01-21,-0.01604406764877051
2003-01-22,-0.010923670521442098
2003-01-23,0.011692721236065552
2003-01-24,-0.023135492328462588
2003-01-27,-0.018662239437489264
2003-01-28,0.011845724561931432
2003-01-29,0.0032184243849165423
2003-01-30,-0.01707593283099968
2003-01-31,0.012712778760051275
2003-02-03,4.35413994066471e-05
2003-02-04,-0.010440388532632155
2003-02-05,-0.003146229437040878
2003-02-06,-0.00703252622944368
2003-02-07,-0.01021194570501559
2003-02-10,0.0072297304184314164
2003-02-11,-0.006537300013453341
2003-02-12,-0.015989854657108928
2003-02-13,-0.0047338718088099415
2003-02-14,0.015243316278254777
2003-02-18,0.01883971218657818
2003-02-19,-0.007658917527365467
2003-02-20,-0.0036037404710451575
2003-02-21,0.01321431493757737
2003-02-24,-0.017055981817836297
2003-02-25,0.0074504219373574725
2003-02-26,-0.0083479133134452
2003-02-27,0.011678129387243124
2003-02-28,0.003845617818176513
2003-03-03,-0.004810342295485654
2003-03-04,-0.013774749185699918
2003-03-05,0.003311153208728267
2003-03-06,-0.00770719754278052
2003-03-07,0.0057919087763455175
2003-03-10,-0.02205812069994048
2003-03-11,-0.008966903397831846
2003-03-12,-0.0014067119839641902
2003-03-13,0.03125702368909257
2003-03-14,0.001098966618679925
2003-03-17,0.03476143754587957
2003-03-18,0.008764445065089829
2003-03-19,0.0031930629727613532
2003-03-20,0.004800452438191984
2003-03-21,0.02145502410909919
2003-03-24,-0.03285108357277587
2003-03-25,0.012386973206826265
2003-03-26,-0.012371430675265013
2003-03-27,0.0017339603507401072
2003-03-28,-0.0036411666768427827
2003-03-31,-0.013507483236777359
2003-04-01,0.009157289875382897
2003-04-02,0.02313547003538944
2003-04-03,-0.0033031507043703515
2003-04-04,-0.0010591885216561
2003-04-07,0.005437706810101951
2003-04-08,-0.005670479797246645
2003-04-09,-0.009163026282477187
2003-04-10,0.00519220979999352
2003-04-11,-0.0023488675761277286
2003-04-14,0.01732914005237479
2003-04-15,0.006901469579576569
2003-04-16,-0.009034103552022893
2003-04-17,0.014155560652507462
2003-04-21,-0.004059611011615079
2003-04-22,0.02584979989791399
2003-04-23,0.0061525146908431114
2003-04-24,-0.006430115633071871
2003-04-25,-0.012058967094237254
2003-04-28,0.016937916887815454
2003-04-29,0.00309625445000524
2003-04-30,0.0036046155938440267
2003-05-01,-0.007082199052718947
2003-05-02,0.02444266272705928
2003-05-05,0.003915263761516447
2003-05-06,0.008479230728488446
2003-05-07,-0.00390982619771988
2003-05-08,-0.007087129743124124
2003-05-09,0.014132865874084013
2003-05-12,0.013726669244335889
2003-05-13,-0.0007104433647852177
2003-05-14,-0.00025010027608556777
2003-05-15,0.010048256115070445
2003-05-16,-0.0012004491780932566
2003-05-19,-0.021211861077223948
2003-05-20,-0.001736670331221546
2003-05-21,0.0048101575836098885
2003-05-22,0.012729190325392933
2003-05-23,0.005565396331003136
2003-05-27,0.02021717915788232
2003-05-28,0.005200680949002485
2003-05-29,-0.0025681613651510784
2003-05-30,0.018862594280092418
2003-06-02,0.005783487866133898
2003-06-03,-0.0007241309452213982
2003-06-04,0.01648936498851801
2003-06-05,0.0074475317190491695
2003-06-06,-0.004359294150923329
2003-06-09,-0.015027979559936401
2003-06-10,0.010033536119434843
2003-06-11,0.012800064942219207
2003-06-12,0.0011242084801568984
2003-06-13,-0.012069135587229895
2003-06-16,0.019441316813227912
2003-06-17,-0.0003427186654260722
2003-06-18,-0.0022143658906951806
2003-06-19,-0.012595362556625845
2003-06-20,-0.0022604866074574324
2003-06-23,-0.018053395971058907
2003-06-24,0.0019150170476695347
2003-06-25,-0.0015336841150057137
2003-06-26,0.010427110691875477
2003-06-27,-0.004801316024643416
2003-06-30,-0.001627772985247985
2003-07-01,0.005576439756891373
2003-07-02,0.013578015885693405
2003-07-03,-0.004430532840367852
2003-07-07,0.01911345803644926
2003-07-08,0.008537708217377402
2003-07-09,-0.00022436016454930154
2003-07-10,-0.01521401542928935
2003-07-11,0.00700701761316931
2003-07-14,0.006358885564236583
2003-07-15,-0.00407494111901162
2003-07-16,-0.005852579979643804
2003-07-17,-0.015112909642879315
2003-07-18,0.010610420831668571
2003-07-21,-0.01201119874268437
2003-07-22,0.012027217095679246
2003-07-23,0.003549374654824006
2003-07-24,-0.0013100875653281963
2003-07-25,0.011693655819789879
2003-07-28,0.003865186171607498
2003-07-29,-0.004617885822907739
2003-07-30,-0.0005146356140212651
2003-07-31,0.0027373147524200657
2003-08-01,-0.007733300503637709
2003-08-04,-0.0021172304016172836
2003-08-05,-0.015446584888857888
2003-08-06,-0.001878106415572972
2003-08-07,0.005541235410804947
2003-08-08,0.00419841469717722
2003-08-11,0.005890176386355948
2003-08-12,0.012192298360934118
2003-08-13,-0.0002954669869045146
2003-08-14,0.007146977018796543
2003-08-15,0.0013356016841692918
2003-08-18,0.01021534045216984
2003-08-19,0.006838365954169315
2003-08-20,0.0018985517097899222
2003-08-21,0.0077170203584914585
2003-08-22,-0.011661223463426422
2003-08-25,-0.002303598313316707
2003-08-26,0.0024753498096209544
2003-08-27,0.004030533945179023
2003-08-28,0.009529065635662231
2003-08-29,0.00633498045176826
2003-09-02,0.012442412721015305
2003-09-03,0.002607072153775053
2003-09-04,0.0017979680945740808
2003-09-05,-0.006804379594963494
2003-09-08,0.010447405650699843
2003-09-09,-0.007827791670045376
2003-09-10,-0.015204651326401766
2003-09-11,0.004968584654806117
2003-09-12,0.003253165370469488
2003-09-15,-0.0030276683675880423
2003-09-16,0.013211099985765992
2003-09-17,-0.0015610374916841055
2003-09-18,0.010541504503646028
2003-09-19,-5.8679409193630164e-05
2003-09-22,-0.012004845658532392
2003-09-23,0.0063330331231142515
2003-09-24,-0.016987541461152812
2003-09-25,-0.011722031785682426
2003-09-26,-0.010294376822529388
2003-09-29,0.010029936981216264
2003-09-30,-0.007091306456488932
2003-10-01,0.021199202713653255
2003-10-02,0.004861176362909031
2003-10-03,0.012176292045454194
2003-10-06,0.006526736569934124
2003-10-07,0.0049538433727202135
2003-10-08,-0.0025116713253141992
2003-10-09,0.005825095641913635
2003-10-10,-0.00016863943050550312
2003-10-13,0.010047445199519233
2003-10-14,0.004414057772441957
2003-10-15,-0.004297319403872803
2003-10-16,0.0044713007973700945
2003-10-17,-0.010624782352016821
2003-10-20,0.002795942272099192
2003-10-21,0.002697319850470246
2003-10-22,-0.015661658314950394
2003-10-23,0.0011237765258348582
2003-10-24,-0.002823893518420935
2003-10-27,0.007639927221915446
2003-10-28,0.01413801594953987
2003-10-29,0.006674747147490151
2003-10-30,0.0009727150541108377
2003-10-31,0.00022374253259667426
2003-11-03,0.010552174468674281
2003-11-04,-0.0033079249881450877
2003-11-05,-0.0007793601228481062
2003-11-06,0.005329444201460885
2003-11-07,0.0003478617282135915
2003-11-10,-0.010365158455854482
2003-11-11,-0.0038837222230805033
2003-11-12,0.014883215744675132
2003-11-13,0.0019807018159186023
2003-11-14,-0.008620970692460567
2003-11-17,-0.008451639963641231
2003-11-18,-0.008768515642229325
2003-11-19,0.0044386250494065915
2003-11-20,-0.004414009991165544
2003-11-21,0.0033059046313215126
2003-11-24,0.017758611229905536
2003-11-25,0.00711563150636574
2003-11-26,0.004570007175334253
2003-11-28,0.0024884412294371525
2003-12-01,0.013445845632540442
2003-12-02,-0.0027133041114974325
2003-12-03,-0.0038976621225775554
2003-12-04,0.0007400244742748462
2003-12-05,-0.006650032529448163
2003-12-08,0.006835880877770789
2003-12-09,-0.008853233406145227
2003-12-10,-0.0069062262323201125
2003-12-11,0.01545357813246475
2003-12-12,0.0039223588234589424
2003-12-15,-0.00894543552809298
2003-12-16,0.004203528604085871
2003-12-17,0.0016097942833078192
2003-12-18,0.013060907652664502
2003-12-19,-0.000689206847649523
2003-12-22,0.0049906997733930114
2003-12-23,0.004257362904800404
2003-12-24,-0.00820546422696361
2003-12-26,0.0033364218221563283
2003-12-29,0.0185505369117201
2003-12-30,-6.311958861025487e-05
2003-12-31,-0.009309530792642264
2004-01-02,0.005107796008623117
2004-01-05,0.01053592914592014
2004-01-06,0.0020774530200799246
2004-01-07,0.002260022179546678
2004-01-08,0.005306698066258503
2004-01-09,-0.0037289925038568473
2004-01-12,0.00600378272497438
2004-01-13,-0.003480915264240816
2004-01-14,0.008040696098645573
2004-01-15,0.00042162520830637667
2004-01-16,0.008290622563027164
2004-01-20,0.002730611614640559
2004-01-21,0.004582263887335384
2004-01-22,-0.00207513182649065
2004-01-23,-0.0008030579570826775
2004-01-26,0.007932546744998603
2004-01-27,-0.007438980533355254
2004-01-28,-0.014320136549571167
2004-01-29,-0.0013978563472695988
2004-01-30,0.0016806067878199174
2004-02-02,0.001907430964161299
2004-02-03,-0.0015256215791732298
2004-02-04,-0.011316119025063007
2004-02-05,0.005262103358685263
2004-02-06,0.017054039632522604
2004-02-09,0.0013356687118957176
2004-02-10,0.0055941215182733935
2004-02-11,0.011248016310601296
2004-02-12,-0.002924202908211761
2004-02-13,-0.006419600806016997
2004-02-17,0.01026323856227257
2004-02-18,-0.0015381719636677325
2004-02-19,-0.006768431620566435
2004-02-20,-0.004869085500770824
2004-02-23,-0.008300687057965841
2004-02-24,-0.0011415792774554171
2004-02-25,0.007195204186568903
2004-02-26,0.0057721919743272745
2004-02-27,0.003896464174333699
2004-03-01,0.01245017914730042
2004-03-02,-0.0039465343354357025
2004-03-03,0.0010309071852639962
2004-03-04,0.00471167272753664
2004-03-05,0.0041395210702951015
2004-03-08,-0.008872740570793767
2004-03-09,-0.007676244336994481
2004-03-10,-0.01607668225999656
2004-03-11,-0.012592411532345488
2004-03-12,0.014928499237583317
2004-03-15,-0.01604694422449041
2004-03-16,0.0030950082035128825
2004-03-17,0.01546658503042075
2004-03-18,-0.0019398653815599109
2004-03-19,-0.0067861505335357585
2004-03-22,-0.015327740700482444
2004-03-23,0.0011751780808166145
2004-03-24,-0.003245116987924744
2004-03-25,0.01809865223781313
2004-03-26,0.0008484023095460191
2004-03-29,0.014510179868334042
2004-03-30,0.006965631457196506
2004-03-31,0.0022404041102609584
2004-04-01,0.006388456637244315
2004-04-02,0.009403718898187077
2004-04-05,0.005139897799939662
2004-04-06,-0.004095304654398838
2004-04-07,-0.00210015504932874
2004-04-08,-0.0028477277981616617
2004-04-12,-0.0042959980693932755
2004-04-13,-0.0089665674995829
2004-04-14,-0.0034742659461267935
2004-04-15,0.0006451846247113528
2004-04-16,0.006295582259557968
2004-04-19,0.003124987122415551
2004-04-20,-0.015939362399166095
2004-04-21,0.00708095183308895
2004-04-22,0.016146380793527218
2004-04-23,-0.003043369206962846
2004-04-26,-0.004333515109244264
2004-04-27,0.0009386837385687006
2004-04-28,-0.014984155497033354
2004-04-29,-0.01236907651239429
2004-04-30,-0.006145927660768515
2004-05-03,0.009798698932103625
2004-05-04,0.0037454546598803214
2004-05-05,0.0012645026679363022
2004-05-06,-0.009017818989795472
2004-05-07,-0.018959037311503567
2004-05-10,-0.016378555771065503
2004-05-11,0.010606638225474332
2004-05-12,0.0013571684351943614
2004-05-13,0.0002993369845208433
2004-05-14,-0.0010656220758762094
2004-05-17,-0.011566782945753312
2004-05-18,0.009306850263316473
2004-05-19,-0.0013335348097865212
2004-05-20,-9.081736835698392e-05
2004-05-21,0.005762783313348573
2004-05-24,0.00777381025345079
2004-05-25,0.018209973770224718
2004-05-26,0.004499337585076445
2004-05-27,0.005215651437912189
2004-05-28,0.0024287979006064773
2004-06-01,0.0015388762726040008
2004-06-02,0.003278406187693493
2004-06-03,-0.011970066675661441
2004-06-04,0.006106585559446389
2004-06-07,0.016064142262515912
2004-06-08,0.0011776794905771996
2004-06-09,-0.011125404312274434
2004-06-10,0.0037185724647014716
2004-06-14,-0.01100265798411994
2004-06-15,0.009839883608679538
2004-06-16,0.0014224167738607703
2004-06-17,0.00031358075929331826
2004-06-18,0.003271549462406752
2004-06-21,-0.0030096907347658564
2004-06-22,0.005756313793531581
2004-06-23,0.01153083302323306
2004-06-24,-0.00046652099479008906
2004-06-25,0.003904135311795783
2004-06-28,-0.003114458580887979
2004-06-29,0.0018966668333526126
2004-06-30,0.007739306717625648
2004-07-01,-0.010878759996276396
2004-07-02,-0.0029172861444720834
2004-07-06,-0.010024052592772222
2004-07-07,0.0020650085336121568
2004-07-08,-0.01177003285018545
2004-07-09,0.002627829910625199
2004-07-12,-0.001397817753474988
2004-07-13,0.0005735030777989583
2004-07-14,-0.0023005808065424656
2004-07-15,6.723120097037891e-05
2004-07-16,-0.006568921137939001
2004-07-19,-0.0007990851548497888
2004-07-20,0.010036490110660046
2004-07-21,-0.019118657355255107
2004-07-22,-0.0014776328291516636
2004-07-23,-0.010830541075137465
2004-07-26,-0.006288904054932752
2004-07-27,0.013259122270487358
2004-07-28,-2.868850909539092e-05
2004-07-29,0.011715343711412555
2004-07-30,0.00320850306973888
2004-08-02,0.0030912636874856044
2004-08-03,-0.009788139772765828
2004-08-04,-0.001863459775256643
2004-08-05,-0.01857933446954198
2004-08-06,-0.01872584170346719
2004-08-09,0.0004188160594790863
2004-08-10,0.017291986628208616
2004-08-11,-0.0034856035879336565
2004-08-12,-0.013931822316727792
2004-08-13,-0.0011001314179392599
2004-08-16,0.01580745882171843
2004-08-17,0.003416931216135382
2004-08-18,0.015631096174414633
2004-08-19,-0.005759789600970868
2004-08-20,0.010980741039057062
2004-08-23,-0.004206114586148018
2004-08-24,0.000738534361954852
2004-08-25,0.007497947080243192
2004-08-26,-0.0007930053660840133
2004-08-27,0.0033992763218879144
2004-08-30,-0.008337852816166797
2004-08-31,0.005156287481463037
2004-09-01,0.005348408555973527
2004-09-02,0.012822207768286138
2004-09-03,-0.0034468164759343238
2004-09-07,0.00873184545430342
2004-09-08,-0.00629597696115501
2004-09-09,0.002848436211826121
2004-09-10,0.006618878815976961
2004-09-13,0.004214907866692267
2004-09-14,-0.00011521270261372453
2004-09-15,-0.0049799428828569865
2004-09-16,0.006890627429287339
2004-09-17,0.001600175736543826
2004-09-20,-0.004717680657272438
2004-09-21,0.008244646249286752
2004-09-22,-0.01296261547316609
2004-09-23,-0.0030667370435918865
2004-09-24,0.002091362317095809
2004-09-27,-0.00792843143375756
2004-09-28,0.0059824057154808236
2004-09-29,0.006359311680672768
2004-09-30,0.00569978794267126
2004-10-01,0.014225469061705158
2004-10-04,0.004730082017302712
2004-10-05,-0.0014015267633418816
2004-10-06,0.007581419801798589
2004-10-07,-0.01018147755814879
2004-10-08,-0.007696093041075234
2004-10-11,0.001100261951118548
2004-10-12,-0.0030161536123813233
2004-10-13,-0.009106914307755964
2004-10-14,-0.006124304331400363
2004-10-15,0.003747450984041836
2004-10-18,0.003199870623778012
2004-10-19,-0.00937699252176848
2004-10-20,0.003209657208814838
2004-10-21,0.0063976014282530235
2004-10-22,-0.008498239189583215
2004-10-25,0.002523407431390591
2004-10-26,0.012415506550580244
2004-10-27,0.014128175417768543
2004-10-28,-0.00015513167395237587
2004-10-29,0.0029876357849467072
2004-11-01,0.0031829550829066324
2004-11-02,-0.00031404509850063163
2004-11-03,0.01290359873887503
2004-11-04,0.01593907964446794
2004-11-05,0.0029208717582748208
2004-11-08,-0.0007214038399634747
2004-11-09,0.0011646177388671573
2004-11-10,0.002509548971112791
2004-11-11,0.00962820156441357
2004-11-12,0.008442295664002567
2004-11-15,0.001004303952729805
2004-11-16,-0.007652142827468575
2004-11-17,0.005029361223317128
2004-11-18,0.0010716836679526857
2004-11-19,-0.011632952514376765
2004-11-22,0.007668101130847981
2004-11-23,0.0029660059030547975
2004-11-24,0.007399206666692314
2004-11-26,0.0016649296731972264
2004-11-29,-0.00156912343373446
2004-11-30,-0.0011065427612927286
2004-12-01,0.014418926027465811
2004-12-02,-0.00248093103589594
2004-12-03,0.0028924331397822568
2004-12-06,-0.0025628962261094613
2004-12-07,-0.012669724973930414
2004-12-08,0.0041849231025783175
2004-12-09,0.0043100906006147775
2004-12-10,0.0019874412732051217
2004-12-13,0.007414028151131731
2004-12-14,0.0061633391525720595
2004-12-15,0.004117130567104789
2004-12-16,-0.004397786973908787
2004-12-17,-0.0020787316835063686
2004-12-20,-0.0023147288138941347
2004-12-21,0.009673016608018496
2004-12-22,0.0032153795284747136
2004-12-23,0.001141817130880482
2004-12-27,-0.004875160390627714
2004-12-28,0.010405157753292555
2004-12-29,0.0016769711009989446
2004-12-30,0.0014519267023136598
2004-12-31,-0.004365327286935587
2005-01-03,-0.009458883508868863
2005-01-04,-0.015164314382639755
2005-01-05,-0.00961900808598952
2005-01-06,0.0033354503162660518
2005-01-07,-0.003321991081245485
2005-01-10,0.004149513837479892
2005-01-11,-0.008447726272387678
2005-01-12,0.002651612015905934
2005-01-13,-0.0038560989136504987
2005-01-14,0.009508717151358495
2005-01-18,0.009529616572616272
2005-01-19,-0.008784770889791484
2005-01-20,-0.00858321420016361
2005-01-21,-0.005558823788903209
2005-01-24,-0.00787347915171974
2005-01-25,0.0018438437260158216
2005-01-26,0.008459303534623272
2005-01-27,0.0021702099994388296
2005-01-28,-0.0035839262057761117
2005-01-31,0.012585794192280876
2005-02-01,0.006765665026704377
2005-02-02,0.004822144222787735
2005-02-03,-0.0024229099649071993
2005-02-04,0.01256005815979974
2005-02-07,-0.0010547712141923372
2005-02-08,0.001485121091689227
2005-02-09,-0.011200405273310671
2005-02-10,0.003938106339572291
2005-02-11,0.009260484488903799
2005-02-14,4.586867184336329e-05
2005-02-15,0.0030719011878116128
2005-02-16,0.0019322080522879374
2005-02-17,-0.0076498925899112875
2005-02-18,-0.0006450299949291619
2005-02-22,-0.01700836406815259
2005-02-23,0.003758729792498846
2005-02-24,0.009621569609039964
2005-02-25,0.011383154937424256
2005-02-28,-0.00541600634396544
2005-03-01,0.007336487668288112
2005-03-02,4.1965102910157916e-05
2005-03-03,0.0005957306190346962
2005-03-04,0.010401010045316787
2005-03-07,0.0025593819958072616
2005-03-08,-0.006242979208725311
2005-03-09,-0.010737722015390905
2005-03-10,-0.0009827216902769896
2005-03-11,-0.003365277589493413
2005-03-14,0.006865920910315685
2005-03-15,-0.004896944699030735
2005-03-16,-0.009240048691954855
2005-03-17,0.0036079207632933735
2005-03-18,-0.0024928175476045446
2005-03-21,-0.0034097000142661233
2005-03-22,-0.007591188126245482
2005-03-23,-0.00404887140980506
2005-03-24,0.002800948458596249
2005-03-28,-0.004078209693869883
2005-03-29,-0.008069895142212364
2005-03-30,0.012704128911833038
2005-03-31,0.002775016962412044
2005-04-01,-0.004944347007210598
2005-04-04,0.0017608679392519388
2005-04-05,0.003348145312900346
2005-04-06,0.002883371842285783
2005-04-07,0.0051869860515692786
2005-04-08,-0.009191889206973223
2005-04-11,-0.002004582263742817
2005-04-12,0.006714461810380733
2005-04-13,-0.014426206084602496
2005-04-14,-0.014364833007177499
2005-04-15,-0.018532570463612827
2005-04-18,0.00383598756402591
2005-04-19,0.01057228671225241
2005-04-20,-0.01227697551315422
2005-04-21,0.018757203896911972
2005-04-22,-0.008443772827587785
2005-04-25,0.01238250348556412
2005-04-26,-0.009518758104952122
2005-04-27,0.002649453498652265
2005-04-28,-0.01259783855884411
2005-04-29,0.010205164706079585
2005-05-02,0.005635618431383647
2005-05-03,-0.00047416942960913123
2005-05-04,0.013294975355643359
2005-05-05,-0.0013192020815139547
2005-05-06,0.0018692201526421433
2005-05-09,0.006956673501842876
2005-05-10,-0.009840912427438044
2005-05-11,0.004414246432253045
2005-05-12,-0.012795585961256841
2005-05-13,-0.005660333916216679
2005-05-16,0.011512327083035684
2005-05-17,0.007487724397443489
2005-05-18,0.014963134197362128
2005-05-19,0.005611120912028374
2005-05-20,-0.0010067180954559391
2005-05-23,0.005340561974372504
2005-05-24,-0.0012778923388451875
2005-05-25,-0.00593451462528498
2005-05-26,0.008549678763586296
2005-05-27,0.003525512365443062
2005-05-31,-0.0009707114606688111
2005-06-01,0.008881125004368225
2005-06-02,0.0036303615232571662
2005-06-03,-0.0055384510142499
2005-06-06,0.0023117642943243245
2005-06-07,0.00048357004730527223
2005-06-08,-0.002977894756460576
2005-06-09,0.00591053502322727
2005-06-10,-0.0004929596808251241
2005-06-13,0.003890721977836746
2005-06-14,0.004621008187574516
2005-06-15,0.0021311169974029516
2005-06-16,0.007424611381802382
2005-06-17,0.00394236156018196
2005-06-20,-0.0018850352356911439
2005-06-21,-0.0017483116408950278
2005-06-22,0.0016012335242401904
2005-06-23,-0.010712429769808842
2005-06-24,-0.007941763996076889
2005-06-27,-0.0020104113769046283
2005-06-28,0.012755901202995946
2005-06-29,-5.260067976484828e-05
2005-06-30,-0.004378251687291489
2005-07-01,0.004205171484407405
2005-07-05,0.009462852675747268
2005-07-06,-0.004999179451444116
2005-07-07,0.0028238640196287306
2005-07-08,0.013125157441593512
2005-07-11,0.008910534310972421
2005-07-12,0.0014538091219933093
2005-07-13,-0.00041559548173601213
2005-07-14,-0.0010567712045642633
2005-07-15,0.0021898271966123576
2005-07-18,-0.002761068838871213
2005-07-19,0.010172492946788127
2005-07-20,0.00714993594171461
2005-07-21,-0.009594876541945251
2005-07-22,0.006195747045637985
2005-07-25,-0.005520733748125301
2005-07-26,0.004073609331939578
2005-07-27,0.0035374262062583886
2005-07-28,0.010060335668416225
2005-07-29,-0.004974433240094086
2005-08-01,0.000691453362219937
2005-08-02,0.005977905377477708
2005-08-03,-0.001110338597990344
2005-08-04,-0.009451020416973648
2005-08-05,-0.011163662473622594
2005-08-08,-0.005808943890312758
2005-08-09,0.004483314958404753
2005-08-10,-0.0007770934704366232
2005-08-11,0.006971464524730084
2005-08-12,-0.0034493341755776575
2005-08-15,0.0043011971043131775
2005-08-16,-0.012359466497288873
2005-08-17,0.00035027196837393126
2005-08-18,-0.00320609421299818
2005-08-19,0.0019319021309128514
2005-08-22,0.0023765981513818764
2005-08-23,-0.0034296132621508078
2005-08-24,-0.0027666931922986854
2005-08-25,0.003493083969305631
2005-08-26,-0.007882132045542209
2005-08-29,0.006033481196943699
2005-08-30,-0.0037265516799815674
2005-08-31,0.014069065000772766
2005-09-01,0.0005227948981687209
2005-09-02,-0.0027460619349215856
2005-09-06,0.01259981298861774
2005-09-07,0.00338870051904329
2005-09-08,-0.004806310281897881
2005-09-09,0.0072814872552991045
2005-09-12,0.0019461638928652014
2005-09-13,-0.0074139887710428735
2005-09-14,-0.0055246981648684156
2005-09-15,-0.00012646912767790111
2005-09-16,0.00657463332996625
2005-09-19,-0.007683033043618483
2005-09-20,-0.009318251309670976
2005-09-21,-0.011588005791583728
2005-09-22,0.004195858586864272
2005-09-23,0.005077585452818976
2005-09-26,0.002423404063266679
2005-09-27,0.0005387685785163977
2005-09-28,-0.000962204393639605
2005-09-29,0.009623995302705177
2005-09-30,0.005752985202354446
2005-10-03,0.0022971566033540567
2005-10-04,-0.009184670665256061
2005-10-05,-0.018698784598665766
2005-10-06,-0.005996601570747012
2005-10-07,0.004433415605746076
2005-10-10,-0.009704995585230861
2005-10-11,-0.004764738460242341
2005-10-12,-0.011438488344321004
2005-10-13,-0.0006339709985250392
2005-10-14,0.01108486511060058
2005-10-17,0.004065991157597716
2005-10-18,-0.009631250773405127
2005-10-19,0.012447022091378856
2005-10-20,-0.012382644522935348
2005-10-21,0.005021082180893293
2005-10-24,0.01814942943086545
2005-10-25,-0.0030680020854878714
2005-10-26,-0.004685170446104383
2005-10-27,-0.014603432042622908
2005-10-28,0.01661671431699275
2005-10-31,0.012305484309666903
2005-11-01,-0.0018417017865478718
2005-11-02,0.0141477067307581
2005-11-03,0.004305686791336149
2005-11-04,0.0008386862502841781
2005-11-07,0.003638970890383975
2005-11-08,-0.004691066811454626
2005-11-09,0.0035695024576403306
2005-11-10,0.008770726265609865
2005-11-11,0.0031438899482805135
2005-11-14,-0.0010068194512086953
2005-11-15,-0.005203029885581384
2005-11-16,0.0013516113796684785
2005-11-17,0.014030988561115442
2005-11-18,0.004138090337184628
2005-11-21,0.006789128702380893
2005-11-22,0.005019163614413387
2005-11-23,0.003486878971426662
2005-11-25,0.0016300999996347256
2005-11-28,-0.011131855604601008
2005-11-29,0.002219088776543632
2005-11-30,-0.001925954578209094
2005-12-01,0.014843218497120439
2005-12-02,0.0005379500814098402
2005-12-05,-0.004404155485883196
2005-12-06,0.0013682165930808778
2005-12-07,-0.005363574529542793
2005-12-08,0.0009022448810593034
2005-12-09,0.0032904830096109425
2005-12-12,0.0006259497354286611
2005-12-13,0.0026880851116690353
2005-12-14,0.003848112919715424
2005-12-15,-0.003017858414076236
2005-12-16,-0.0002832268619295637
2005-12-19,-0.01042749941653356
2005-12-20,0.0010384291285630452
2005-12-21,0.00634300939371631
2005-12-22,0.005652056410145671
2005-12-23,0.002143073079920517
2005-12-27,-0.009447577479051361
2005-12-28,0.0027562783963379833
2005-12-29,-0.0014146106586932963
2005-12-30,-0.005534002585204717
2006-01-03,0.01410376703838739
2006-01-04,0.0070000196448610705
2006-01-05,0.0017379076989434234
2006-01-06,0.010809105834792975
2006-01-09,0.006825664389250494
2006-01-10,0.002368356076075118
2006-01-11,0.0022437593022904823
2006-01-12,-0.00521274257599221
2006-01-13,9.915300444654742e-05
2006-01-17,-0.0050632496163844146
2006-01-18,-0.0010914370029591804
2006-01-19,0.009195652478487595
2006-01-20,-0.01547042141974789
2006-01-23,0.002238911222113173
2006-01-24,0.01013929268947273
2006-01-25,-0.0009197480084708867
2006-01-26,0.008981937225788368
2006-01-27,0.00652788674884934
2006-01-30,0.000848539189503625
2006-01-31,-0.00069665135512244
2006-02-01,0.0009118438613749469
2006-02-02,-0.007894111704470238
2006-02-03,-0.00484152906235928
2006-02-06,0.002532685359800466
2006-02-07,-0.010115181239103974
2006-02-08,0.004866229686860433
2006-02-09,-0.000339586764374907
2006-02-10,0.002137948586130564
2006-02-13,-0.004399338809754462
2006-02-14,0.009179666357640405
2006-02-15,0.006212092993697946
2006-02-16,0.0072431686537506226
2006-02-17,-0.0003158364948477933
2006-02-21,-0.003389490466283126
2006-02-22,0.0089470405778801
2006-02-23,-0.0017770381091348063
2006-02-24,0.002383189890837978
2006-02-27,0.003644291419663356
2006-02-28,-0.010739127423401749
2006-03-01,0.01109899648232927
2006-03-02,-0.001077010949263
2006-03-03,-0.002588790168758258
2006-03-06,-0.00761648018576709
2006-03-07,-0.006678521877711556
2006-03-08,6.441270957701132e-05
2006-03-09,-0.0033446292381124143
2006-03-10,0.007700578968748793
2006-03-13,0.002594288899585223
2006-03-14,0.010801993435936926
2006-03-15,0.007079383948046429
2006-03-16,0.0014861517301183655
2006-03-17,0.002784427904848694
2006-03-20,-0.0019187472941340487
2006-03-21,-0.006251049950961518
2006-03-22,0.0061611889399408645
2006-03-23,3.9959098459055174e-05
2006-03-24,0.0038815132901212257
2006-03-27,-0.0007317163686055341
2006-03-28,-0.003618270299698241
2006-03-29,0.01051079846436811
2006-03-30,-0.0021719604733405427
2006-03-31,-0.0005806347727730136
2006-04-03,-0.001568478063511676
2006-04-04,0.005106932661774949
2006-04-05,0.004929035271759426
2006-04-06,-0.0015997158179342536
2006-04-07,-0.010133582598543196
2006-04-10,-0.002486130742215781
2006-04-11,-0.009403975700409344
2006-04-12,0.003528864881343781
2006-04-13,0.00031419623896426893
2006-04-17,-0.004452312588965481
2006-04-18,0.02198560444081603
2006-04-19,0.005888197069628367
2006-04-20,0.0015730269984990082
2006-04-21,-0.0018974904147484033
2006-04-24,-0.00253469264986604
2006-04-25,-0.004533887757139487
2006-04-26,0.000978446558363088
2006-04-27,0.000629930481810807
2006-04-28,0.0008036659525143188
2006-05-01,-0.002856111597490059
2006-05-02,0.004593784762557254
2006-05-03,-0.0006561323010221529
2006-05-04,0.005820048986006366
2006-05-05,0.010319405263138154
2006-05-08,-7.886844963453973e-05
2006-05-09,-0.00021231378096229516
2006-05-10,-0.0007048076595783778
2006-05-11,-0.014732045959901546
2006-05-12,-0.015489699434476707
2006-05-15,-0.0004720485552617124
2006-05-16,-0.003699982027987718
2006-05-17,-0.017158837531867876
2006-05-18,-0.007494501881605493
2006-05-19,0.004704425449170151
2006-05-22,-0.006010292847973101
2006-05-23,-0.005444913716182777
2006-05-24,-0.0016304513412499755
2006-05-25,0.01266370895194966
2006-05-26,0.007029126124825884
2006-05-30,-0.016950286427937868
2006-05-31,0.011576711081150765
2006-06-01,0.014461657940331184
2006-06-02,0.0023386743248985584
2006-06-05,-0.02090281964848903
2006-06-06,-0.005032851527997371
2006-06-07,-0.005158881183984809
2006-06-08,-0.0026919773465263483
2006-06-09,-0.0022585206360613225
2006-06-12,-0.01914609391088532
2006-06-13,-0.012891337620283591
2006-06-14,0.005782093168517343
2006-06-15,0.02324295726064307
2006-06-16,-0.004380334427269499
2006-06-19,-0.008434711485971923
2006-06-20,-0.0010628693380316282
2006-06-21,0.013718329458811476
2006-06-22,-0.004891798291270393
2006-06-23,0.0022224592275393042
2006-06-26,0.005158979417773581
2006-06-27,-0.011794597861568466
2006-06-28,0.003951840147914086
2006-06-29,0.025463015228726613
2006-06-30,0.0033479567652745703
2006-07-03,0.005947971776892076
2006-07-05,-0.010248663767637767
2006-07-06,0.0008586434531141886
2006-07-07,-0.009093968688104775
2006-07-10,-0.0006843196931001537
2006-07-11,0.0039901515995601974
2006-07-12,-0.011200475323554726
2006-07-13,-0.01569480194195221
2006-07-14,-0.0087688872733021
2006-07-17,-0.003103491415377701
2006-07-18,-0.00045494947637412175
2006-07-19,0.02312005257744776
2006-07-20,-0.015371025318358088
2006-07-21,-0.011908002840933721
2006-07-24,0.01981278389247744
2006-07-25,0.0077835213295331775
2006-07-26,-0.0014329365453386767
2006-07-27,-0.00831628273801919
2006-07-28,0.015520637497897085
2006-07-31,0.00030565196288326085
2006-08-01,-0.008733427539926272
2006-08-02,0.007541657177350565
2006-08-03,0.007112966170988841
2006-08-04,-0.0022713656191031854
2006-08-07,-0.005439587996633825
2006-08-08,-0.006874848600137115
2006-08-09,-0.0070299213499387305
2006-08-10,0.007127972218708539
2006-08-11,-0.006635294166376201
2006-08-14,0.0025580099222672317
2006-08-15,0.018698274356056217
2006-08-16,0.012598168889526194
2006-08-17,0.0021730420036144785
2006-08-18,0.001704432623201648
2006-08-21,-0.0066551207677000585
2006-08-22,0.001386984022194011
2006-08-23,-0.007624249335295223
2006-08-24,-0.0008913720916926801
2006-08-25,-0.00021170495921383722
2006-08-28,0.008617456295309675
2006-08-29,0.004673967794612917
2006-08-30,0.0020057798261250252
2006-08-31,0.0018714125924905703
2006-09-01,0.004035584676880101
2006-09-05,0.0036759889884724678
2006-09-06,-0.013371708684757377
2006-09-07,-0.005753103483606727
2006-09-08,0.005835351230449548
2006-09-11,0.0006311850922514483
2006-09-12,0.015045852569628322
2006-09-13,0.006146591975181014
2006-09-14,-0.001775253537143911
2006-09-15,0.003198321070756522
2006-09-18,-0.0013851460760697612
2006-09-19,-0.0018079108830427713
2006-09-20,0.00641861714641402
2006-09-21,-0.0067888976697574165
2006-09-22,-0.0049658910940000595
2006-09-25,0.010489011017292603
2006-09-26,0.006252910677225843
2006-09-27,0.0016905438165433209
2006-09-28,0.0025052610111305764
2006-09-29,-0.004796554609410294
2006-10-02,-0.0045467532353430685
2006-10-03,0.0013642073634985738
2006-10-04,0.014647496654606185
2006-10-05,0.007868045705700918
2006-10-06,-0.0035055325888358217
2006-10-09,0.003320658519334032
2006-10-10,0.0028215371664782433
2006-10-11,-0.0025125781034801356
2006-10-12,0.01285409617544606
2006-10-13,0.0031808153332381207
2006-10-16,0.0058412350273666005
2006-10-17,-0.006885033684699424
2006-10-18,0.00028754345916259653
2006-10-19,0.0016951437445409416
2006-10-20,-0.0032003250824665214
2006-10-23,0.004643571284531644
2006-10-24,0.000988020150079318
2006-10-25,0.003561540479835556
2006-10-26,0.007199425311213868
2006-10-27,-0.010132967887313823
2006-10-30,0.0025145742127969744
2006-10-31,-0.001774104344805922
2006-11-01,-0.00984668288006076
2006-11-02,-0.0006227274237836786
2006-11-03,-0.0011173361595666414
2006-11-06,0.011915998204879027
2006-11-07,0.0029855498285144633
2006-11-08,0.004217441720974396
2006-11-09,-0.00475461539305901
2006-11-10,0.004845790864490343
2006-11-13,0.004411764979168736
2006-11-14,0.009376675592203771
2006-11-15,0.00571538491144789
2006-11-16,0.0026761678053052176
2006-11-17,-0.001395413452528364
2006-11-20,0.0010095028571731161
2006-11-21,0.004481402709985389
2006-11-22,0.004059968582797425
2006-11-24,-0.0016873221196993683
2006-11-27,-0.018503056709738383
2006-11-28,0.002300179201310752
2006-11-29,0.009996670800588359
2006-11-30,0.003981867203260851
2006-12-01,-0.004103161108357999
2006-12-04,0.012646931472630747
2006-12-05,0.0042988016426429
2006-12-06,0.00020216178119301055
2006-12-07,-0.0043190636698899
2006-12-08,0.0014543028375976568
2006-12-11,0.0003349005076323799
2006-12-12,-0.0036559270724504144
2006-12-13,-0.000128397846304327
2006-12-14,0.0072410791990152575
2006-12-15,-0.0019193330079126172
2006-12-18,-0.006403889933307801
2006-12-19,0.0009878242880903727
2006-12-20,0.0006602323147130695
2006-12-21,-0.004817399051988082
2006-12-22,-0.004617913320868057
2006-12-26,0.0024629875454096326
2006-12-27,0.01053277565736041
2006-12-28,-0.0009961370085482227
2006-12-29,-0.005822033721525927
2007-01-03,0.0012202714570544305
2007-01-04,0.0019928657592871235
2007-01-05,-0.008996392160695262
2007-01-08,0.0016639814259758307
2007-01-09,0.0022659275798096092
2007-01-10,0.004455030041843968
2007-01-11,0.009247425899285656
2007-01-12,0.004930775447936889
2007-01-16,0.0005189820493895214
2007-01-17,-0.00045959638112711375
2007-01-18,-0.006511460064532407
2007-01-19,0.005281429116201824
2007-01-22,-0.0059661521750374695
2007-01-23,0.005623989547757537
2007-01-24,0.008529927851412034
2007-01-25,-0.009853696037180898
2007-01-26,0.00030079827270512087
2007-01-29,0.0021005164789959217
2007-01-30,0.005949142571825793
2007-01-31,0.007472017317131045
2007-02-01,0.008134887982119874
2007-02-02,0.002833494304765383
2007-02-05,-0.0015657102055835323
2007-02-06,0.0030020105416455143
2007-02-07,0.0051459799318153004
2007-02-08,-0.0002690780219626193
2007-02-09,-0.007885987606484726
2007-02-12,-0.0027032821487296566
2007-02-13,0.008321384393916612
2007-02-14,0.008081180845989714
2007-02-15,0.002279258419337928
2007-02-16,0.0008016263901216695
2007-02-20,0.005775617948589859
2007-02-21,0.0003634710828373964
2007-02-22,-0.0010158625990861192
2007-02-23,-0.0024306505767384143
2007-02-26,-0.0027014053937181003
2007-02-27,-0.034294016385273754
2007-02-28,0.003560846227454232
2007-03-01,-0.0038904042797460363
2007-03-02,-0.014227168360644239
2007-03-05,-0.01415904549069713
2007-03-06,0.016849170894017114
2007-03-07,-0.001353446714933026
2007-03-08,0.008536551059700788
2007-03-09,0.0027630670268114863
2007-03-12,0.0034756858208823574
2007-03-13,-0.021019876381627018
2007-03-14,0.005084314800259827
2007-03-15,0.006302582271794618
2007-03-16,-0.004160962929994713
2007-03-19,0.010992180832737673
2007-03-20,0.006995206043246303
2007-03-21,0.01525722413500255
2007-03-22,0.00026207797426437576
2007-03-23,0.0022762417988583684
2007-03-26,-0.0017662935438337093
2007-03-27,-0.0064890242864154846
2007-03-28,-0.0071208896275686065
2007-03-29,0.0017192652410632494
2007-03-30,0.0003499134106456417
2007-04-02,0.00430909953139212
2007-04-03,0.009075242508805464
2007-04-04,-8.834757597432584e-05
2007-04-05,0.003023635773952537
2007-04-09,-0.001737701376965227
2007-04-10,0.005479255765096199
2007-04-11,-0.006083989604754983
2007-04-12,0.006352549173125003
2007-04-13,0.0026516293384576967
2007-04-16,0.010567567249296323
2007-04-17,0.00125719074064356
2007-04-18,-0.0004257478985965798
2007-04-19,-0.003765771450652366
2007-04-20,0.00927554647298703
2007-04-23,-0.00011731235685092896
2007-04-24,-0.0011423588923869061
2007-04-25,0.00849187793341833
2007-04-26,0.0017640373658799975
2007-04-27,-0.0009964708601307817
2007-04-30,-0.013990022325402578
2007-05-01,-0.0007582353550235122
2007-05-02,0.011601662638182327
2007-05-03,0.0032917391594857047
2007-05-04,0.002153069765045183
2007-05-07,0.0009569197191662946
2007-05-08,-0.0007339780372040495
2007-05-09,0.005196091916802857
2007-05-10,-0.014048048237701765
2007-05-11,0.008958215733695134
2007-05-14,-0.0035140112582026854
2007-05-15,-0.004319073571778144
2007-05-16,0.006061054510587615
2007-05-17,-0.002199348669246089
2007-05-18,0.006433764452902554
2007-05-21,0.004238848737964353
2007-05-22,0.002973044597449709
2007-05-23,-0.00243709987001271
2007-05-24,-0.013277961673332922
2007-05-25,0.005876568826687184
2007-05-29,0.004508025402473727
2007-05-30,0.00925612138902131
2007-05-31,0.0037366322955842326
2007-06-01,0.004691279387923136
2007-06-04,0.002217528341073036
2007-06-05,-0.006018555173564108
2007-06-06,-0.010187616331233836
2007-06-07,-0.01967103908529104
2007-06-08,0.011102822820646448
2007-06-11,-0.0006960936916725755
2007-06-12,-0.010772097144157802
2007-06-13,0.014466596729525084
2007-06-14,0.003948835927901583
2007-06-15,0.007968085563816391
2007-06-18,-0.0019539138258759022
2007-06-19,0.0016258046072527804
2007-06-20,-0.011982808377972566
2007-06-21,0.0052426638562029105
2007-06-22,-0.009351740892557692
2007-06-25,-0.005392092352279865
2007-06-26,-0.0044070925761389036
2007-06-27,0.011790081262953105
2007-06-28,0.0006729898312186626
2007-06-29,-0.0021069278298733026
2007-07-02,0.010859121978670694
2007-07-03,0.002536095494431103
2007-07-05,0.00197401630549404
2007-07-06,0.0043485799649017765
2007-07-09,0.0011105671063837367
2007-07-10,-0.015902733966020967
2007-07-11,0.00514218722774192
2007-07-12,0.016179305916643984
2007-07-13,0.0037579052954013316
2007-07-16,-0.0043271014831199215
2007-07-17,-0.0002399550298308339
2007-07-18,-0.0021206142578278327
2007-07-19,0.006419580522654083
2007-07-20,-0.013252820962003546
2007-07-23,-0.00042831314399855813
2007-07-24,-0.02088651463997976
2007-07-25,0.001988528627892579
2007-07-26,-0.023058298006528418
2007-07-27,-0.015564108641301085
2007-07-30,0.01085127840450005
2007-07-31,-0.011317916597061745
2007-08-01,0.005757024028713812
2007-08-02,0.008087182609353153
2007-08-03,-0.02975011395084976
2007-08-06,0.018587708437968465
2007-08-07,0.006995657607645956
2007-08-08,0.014377060842828875
2007-08-09,-0.025961058641060596
2007-08-10,0.0027299354336129088
2007-08-13,0.00014774830403429585
2007-08-14,-0.021219047866185673
2007-08-15,-0.017816222966929817
2007-08-16,0.001889069216237159
2007-08-17,0.02329665249552973
2007-08-20,0.004139429140316999
2007-08-21,0.0032089241987072804
2007-08-22,0.014013468885117182
2007-08-23,-0.0044510014584174876
2007-08-24,0.012262547304831986
2007-08-27,-0.010600935745900843
2007-08-28,-0.025081867199224093
2007-08-29,0.022603984966561786
2007-08-30,-0.0036535141264450134
2007-08-31,0.013236281395893884
2007-09-04,0.010411458804803287
2007-09-05,-0.011585008876814006
2007-09-06,0.003769275562449652
2007-09-07,-0.019243893012692203
2007-09-10,-0.005029106877835248
2007-09-11,0.01343704684197342
2007-09-12,-0.001471745583595154
2007-09-13,0.005775066954934521
2007-09-14,0.0022825328406121765
2007-09-17,-0.005886661511199203
2007-09-18,0.03111864172173205
2007-09-19,0.00797096535153137
2007-09-20,-0.00881944401675483
2007-09-21,0.0035148789107002153
2007-09-24,-0.005749622124034445
2007-09-25,0.00019667310268769523
2007-09-26,0.006896618233240097
2007-09-27,0.005795946474317248
2007-09-28,-0.004447353546310417
2007-10-01,0.015575907223043547
2007-10-02,0.0031290659810524553
2007-10-03,-0.003602289953318195
2007-10-04,0.0003532242872355025
2007-10-05,0.014398809827458378
2007-10-08,-0.0036948714261687988
2007-10-09,0.007860183838737324
2007-10-10,-0.0007599928086338324
2007-10-11,-0.007238170559173135
2007-10-12,0.004373766571126729
2007-10-15,-0.010918366468204018
2007-10-16,-0.007922405068500895
2007-10-17,0.0017832627032046762
2007-10-18,-0.0009875857761578615
2007-10-19,-0.025949370093640102
2007-10-22,0.007926678536034902
2007-10-23,0.009057580521712773
2007-10-24,-0.0030437922533298406
2007-10-25,-0.004273549653681513
2007-10-26,0.0118179870991611
2007-10-29,0.0031091747712572535
2007-10-30,-0.0047103634693791115
2007-10-31,0.013240468537431552
2007-11-01,-0.027114285045407187
2007-11-02,0.0007847219022686551
2007-11-05,-0.007597806313078595
2007-11-06,0.010115876510645216
2007-11-07,-0.027973818817019814
2007-11-08,0.002868574090286478
2007-11-09,-0.013208504006406056
2007-11-12,-0.008921711663448734
2007-11-13,0.02782321552807536
2007-11-14,-0.008917014542840171
2007-11-15,-0.01150408975786223
2007-11-16,0.0007819330298038831
2007-11-19,-0.02116103307826299
2007-11-20,-0.0014864442163161858
2007-11-21,-0.012294338050596258
2007-11-23,0.01613476371256134
2007-11-26,-0.02775398365630554
2007-11-27,0.018305579153862245
2007-11-28,0.031230986578541155
2007-11-29,-0.001552865155709628
2007-11-30,0.009621350067598039
2007-12-03,-0.005605327921214669
2007-12-04,-0.00598637004579124
2007-12-05,0.014809144909816944
2007-12-06,0.01917107809353044
2007-12-07,0.0015052722211514004
2007-12-10,0.009633361115987192
2007-12-11,-0.03156639986866442
2007-12-12,0.0021963485242888874
2007-12-13,-0.00022893490576288296
2007-12-14,-0.015666527213034232
2007-12-17,-0.016813976696488906
2007-12-18,0.007348714285999838
2007-12-19,-0.0008844642220400868
2007-12-20,0.005864452105892262
2007-12-21,0.01608372808120512
2007-12-24,0.009819554868194746
2007-12-26,-0.0009586868503096464
2007-12-27,-0.015321104087095161
2007-12-28,0.004724688276114088
2007-12-31,-0.010128078708327663
2008-01-02,-0.012231114201843606
2008-01-03,-0.01202434336290401
2008-01-04,-0.026578482140799574
2008-01-07,0.0010061639731733848
2008-01-08,-0.022851997536154925
2008-01-09,0.007841361804007045
2008-01-10,0.01321290443923826
2008-01-11,-0.020028578019684308
2008-01-14,0.01450464916115435
2008-01-15,-0.02398831083335007
2008-01-16,0.0014453722462795563
2008-01-17,-0.02991595083004137
2008-01-18,-0.004709575382886625
2008-01-22,-0.006919788301893699
2008-01-23,0.03357680925930058
2008-01-24,0.004266310976231873
2008-01-25,-0.006404645106373104
2008-01-28,0.01956305944571777
2008-01-29,0.0037203078618450475
2008-01-30,-0.0033557316582002606
2008-01-31,0.0197522098289013
2008-02-01,0.020988702730393053
2008-02-04,-0.011761417657259033
2008-02-05,-0.030471991086597573
2008-02-06,-0.008003118856103586
2008-02-07,0.010354190750550364
2008-02-08,-0.0057670395977384185
2008-02-11,0.004917368152691868
2008-02-12,0.0050542231865884114
2008-02-13,0.01420449281963676
2008-02-14,-0.015720874697555592
2008-02-15,-0.0052606703021058614
2008-02-19,-0.0013081672821374955
2008-02-20,0.015450269808725036
2008-02-21,-0.013093158040713133
2008-02-22,0.002197722328120847
2008-02-25,0.020756864461321283
2008-02-26,0.00432172466485704
2008-02-27,0.002796896874219819
2008-02-28,-0.013190847189402437
2008-02-29,-0.02924566028156378
2008-03-03,-0.0008260582980112065
2008-03-04,-0.002773215321649588
2008-03-05,0.006561944949500005
2008-03-06,-0.026272120091953184
2008-03-07,-0.008335309782119507
2008-03-10,-0.02085817589270652
2008-03-11,0.03696641565007265
2008-03-12,-0.007897067699704578
2008-03-13,0.008735084686882034
2008-03-14,-0.02064173769854902
2008-03-17,-0.017450019740470973
2008-03-18,0.04113436958733288
2008-03-19,-0.019785323102635803
2008-03-20,0.02284158690949206
2008-03-24,0.01580617545279163
2008-03-25,0.007606200530448656
2008-03-26,-0.007399879389318166
2008-03-27,-0.011737160984335509
2008-03-28,-0.01619610692488555
2008-03-31,0.012791078858291612
2008-04-01,0.033404772319455794
2008-04-02,0.006782242064075246
2008-04-03,0.0037895110300512633
2008-04-04,0.0006966346045916107
2008-04-07,0.001217628826858615
2008-04-08,-0.009567581408684061
2008-04-09,-0.01059371081999517
2008-04-10,0.0011684170233520535
2008-04-11,-0.01431813191219017
2008-04-14,-0.008526198639736898
2008-04-15,0.008223307647129306
2008-04-16,0.020912361666139218
2008-04-17,0.004923067222715811
2008-04-18,0.018146412782933954
2008-04-21,-0.0027727898154282795
2008-04-22,-0.020372184268021832
2008-04-23,0.008175370850105603
2008-04-24,0.01088927295368126
2008-04-25,0.011083490539853549
2008-04-28,0.0017090312903025478
2008-04-29,-0.007079014394869519
2008-04-30,-0.0005316291174638083
2008-05-01,0.012545470433244414
2008-05-02,0.0032877704666619554
2008-05-05,-6.4138206632043115e-06
2008-05-06,0.006654118598448935
2008-05-07,-0.02174942932117578
2008-05-08,0.0026090541781812436
2008-05-09,-0.004032239990478241
2008-05-12,0.015150762482697406
2008-05-13,0.0014465274949025482
2008-05-14,0.005956680442119878
2008-05-15,0.010802591420071605
2008-05-16,-0.0013188149154764433
2008-05-19,-0.0029217964689140026
2008-05-20,-0.008810808943060463
2008-05-21,-0.02820770711448445
2008-05-22,0.012205529739938731
2008-05-23,-0.013078310747732396
2008-05-27,0.010194818130779108
2008-05-28,0.006059366599888465
2008-05-29,0.008419169152883835
2008-05-30,0.00195175005731082
2008-06-02,-0.012181088745088123
2008-06-03,-0.0019828391935356954
2008-06-04,0.0021476212647302717
2008-06-05,0.017737180732975
2008-06-06,-0.033644829847201387
2008-06-09,-0.004814753596937768
2008-06-10,-0.002324130891381165
2008-06-11,-0.023605642883115632
2008-06-12,0.005202982430178917
2008-06-13,0.017725143703973725
2008-06-16,0.0052707992660310145
2008-06-17,-0.009224918099358454
2008-06-18,-0.012740693789193111
2008-06-19,0.00990469311236564
2008-06-20,-0.020607547025083647
2008-06-23,-0.010096554310725472
2008-06-24,-0.007296746658731888
2008-06-25,0.009820111877712572
2008-06-26,-0.031106257665965677
2008-06-27,-0.006135795166348896
2008-06-30,-0.005639277351383814
2008-07-01,0.0010891895379817299
2008-07-02,-0.022636562485522146
2008-07-03,-0.005563677685265439
2008-07-07,-0.009656231325198501
2008-07-08,0.02807383938265828
2008-07-09,-0.026393894495074403
2008-07-10,-0.0015073398007891868
2008-07-11,-0.012302134312117463
2008-07-14,-0.012543187796626179
2008-07-15,-0.007021361828818274
2008-07-16,0.03733487324078469
2008-07-17,0.022655852483138162
2008-07-18,-0.0009670860622977809
2008-07-21,-0.0010348972490789856
2008-07-22,0.0230925417913019
2008-07-23,0.008487990964097787
2008-07-24,-0.032991011700889826
2008-07-25,0.003735243735471222
2008-07-28,-0.01889379830386658
2008-07-29,0.03067036199079024
2008-07-30,0.00701455470891469
2008-07-31,-0.011130423719615283
2008-08-01,-0.00410850832429413
2008-08-04,-0.008639632228061925
2008-08-05,0.030823369566163186
2008-08-06,0.004299078844682889
2008-08-07,-0.017288735413269016
2008-08-08,0.02971343726156178
2008-08-11,0.013108417196059085
2008-08-12,-0.013078817425302262
2008-08-13,-0.003910435453540785
2008-08-14,0.01255621287587536
2008-08-15,0.0006128074523285209
2008-08-18,-0.015093629760878274
2008-08-19,-0.01639772036699949
2008-08-20,0.00034327673492260313
2008-08-21,-0.0015643167597142239
2008-08-22,0.014999351413466845
2008-08-25,-0.021070244786575237
2008-08-26,0.0019759152899604853
2008-08-27,0.010711603553931094
2008-08-28,0.02028110399310358
2008-08-29,-0.01059889379846744
2008-09-02,0.0016134231556032452
2008-09-03,-0.001781036112834764
2008-09-04,-0.030563169261101895
2008-09-05,0.004866258576351567
2008-09-08,0.01185430674701816
2008-09-09,-0.03613491556918409
2008-09-10,0.005454269042272666
2008-09-11,0.011666649040812254
2008-09-12,0.004376852344231282
2008-09-15,-0.045533239006467066
2008-09-16,0.015618464844455126
2008-09-17,-0.049820320009103664
2008-09-18,0.048788840385469365
2008-09-19,0.03930552098218194
2008-09-22,-0.04658271823201686
2008-09-23,-0.012955097787180504
2008-09-24,-0.005220398515790812
2008-09-25,0.014614472153951858
2008-09-26,0.00037966686778447304
2008-09-29,-0.0856204425239942
2008-09-30,0.043891449165199756
2008-10-01,-0.010268319958874937
2008-10-02,-0.05364882092491409
2008-10-03,-0.022324649819091963
2008-10-06,-0.04050400605989751
2008-10-07,-0.0635038473773963
2008-10-08,-0.013084824291335933
2008-10-09,-0.07998132969183161
2008-10-10,0.0022373914883739576
2008-10-13,0.09965424292088051
2008-10-14,-0.011609306683186521
2008-10-15,-0.10210445281942565
2008-10-16,0.03961767911605327
2008-10-17,-0.0033183054422158205
2008-10-20,0.03861917740325074
2008-10-21,-0.03337870039208847
2008-10-22,-0.0635150391963837
2008-10-23,-0.022304346807591507
2008-10-24,-0.037044346326137664
2008-10-27,-0.03836837848895413
2008-10-28,0.09446432937633231
2008-10-29,0.006868787851867297
2008-10-30,0.03396892315503107
2008-10-31,0.02765342347312924
2008-11-03,-0.0006267896445570995
2008-11-04,0.03441414833901077
2008-11-05,-0.05761483255015601
2008-11-06,-0.05621526253049412
2008-11-07,0.02220871095241286
2008-11-10,-0.026556921178405087
2008-11-11,-0.03159114036796934
2008-11-12,-0.06485537424527243
2008-11-13,0.07177728626868518
2008-11-14,-0.05439280580596628
2008-11-17,-0.02874929229313083
2008-11-18,-0.0045976060107172255
2008-11-19,-0.08446826474032539
2008-11-20,-0.07724083565773865
2008-11-21,0.05479983517896346
2008-11-24,0.08539484470803194
2008-11-25,0.019405540352792655
2008-11-26,0.05188472240352715
2008-11-28,0.011265955153044963
2008-12-01,-0.11385695801114004
2008-12-02,0.04523557170758055
2008-12-03,0.030043434299830668
2008-12-04,-0.027674609915094524
2008-12-05,0.05009003738305827
2008-12-08,0.04396679790402633
2008-12-09,-0.02455484885622968
2008-12-10,0.0198934187223335
2008-12-11,-0.04600083512251837
2008-12-12,0.018362409286891264
2008-12-15,-0.02196707300648958
2008-12-16,0.061522217091227197
2008-12-17,0.00529693015992643
2008-12-18,-0.020651838654552297
2008-12-19,0.008933956017675975
2008-12-22,-0.027805711570804414
2008-12-23,-0.006180669958641593
2008-12-24,-0.0036149262496297527
2008-12-26,0.010348264579898805
2008-12-29,-0.010325585679512268
2008-12-30,0.03212075073251984
2008-12-31,0.02469259324628046
2009-01-02,0.03276634790592567
2009-01-05,0.0028595952935248307
2009-01-06,0.020384152522766458
2009-01-07,-0.03455582881720577
2009-01-08,0.005541933001342967
2009-01-09,-0.02779493903067411
2009-01-12,-0.03395306971511505
2009-01-13,0.003753379949144575
2009-01-14,-0.0424746023817115
2009-01-15,0.007475538324678907
2009-01-16,0.01393617530049401
2009-01-20,-0.0705238166390155
2009-01-21,0.047816968295733814
2009-01-22,-0.026066911157004897
2009-01-23,0.008597477184293593
2009-01-26,0.005067923946118608
2009-01-27,0.012986775252979761
2009-01-28,0.045061716633177304
2009-01-29,-0.044363752640296586
2009-01-30,-0.03241446140173357
2009-02-02,-0.0023205825651038394
2009-02-03,0.012042254387684616
2009-02-04,-0.006993969274480657
2009-02-05,0.019289090197129252
2009-02-06,0.0376076971467649
2009-02-09,-0.00048503080602020176
2009-02-10,-0.05771165575660269
2009-02-11,0.007321295750914957
2009-02-12,0.002796968293485041
2009-02-13,-0.011111631396335753
2009-02-17,-0.052617544636879066
2009-02-18,-0.0064016298958786185
2009-02-19,-0.02294158018912064
2009-02-20,-0.007710499809963213
2009-02-23,-0.03933678628334283
2009-02-24,0.0505995663527986
2009-02-25,-0.017369205456103237
2009-02-26,-0.016875941861629943
2009-02-27,-0.02262760200429467
2009-03-02,-0.06063899169026928
2009-03-03,-0.010400699857472646
2009-03-04,0.030022314396042304
2009-03-05,-0.05834034825161037
2009-03-06,-0.005653163711873461
2009-03-09,-0.009824980325212236
2009-03-10,0.07828514168599537
2009-03-11,0.006574144777742177
2009-03-12,0.04788725281312593
2009-03-13,0.009353968047529498
2009-03-16,-0.007683490776390288
2009-03-17,0.03632951135558526
2009-03-18,0.03691245181645077
2009-03-19,-0.012934614677894227
2009-03-20,-0.031280562750005715
2009-03-23,0.07884532934892549
2009-03-24,-0.0229900103985642
2009-03-25,0.010341748192881847
2009-03-26,0.03772244189568716
2009-03-27,-0.024479145787808083
2009-03-30,-0.04918962867557894
2009-03-31,0.01906404211688531
2009-04-01,0.017866441127078712
2009-04-02,0.04477149564639981
2009-04-03,0.01934842032088368
2009-04-06,-0.010785470221526112
2009-04-07,-0.03232198747056536
2009-04-08,0.01668246916867633
2009-04-09,0.058898327195979164
2009-04-13,0.0017262072527328845
2009-04-14,-0.023616986156858442
2009-04-15,0.017961411928463795
2009-04-16,0.02615414535359384
2009-04-17,0.014351767986278977
2009-04-20,-0.060417254551421815
2009-04-21,0.03391272481738995
2009-04-22,0.0022007520230838823
2009-04-23,0.007096754282859975
2009-04-24,0.025001859713541272
2009-04-27,-0.019059927749582616
2009-04-28,-0.001283818992664987
2009-04-29,0.03120098020638961
2009-04-30,-0.00022110066021477576
2009-05-01,0.004801263609694511
2009-05-04,0.050750332354885
2009-05-05,-0.0006909659519337549
2009-05-06,0.0014507815940394244
2009-05-07,-0.023536073622523683
2009-05-08,0.033025673854703716
2009-05-11,-0.02388347454306764
2009-05-12,-0.01055002392035347
2009-05-13,-0.045111638130977426
2009-05-14,0.028261641754706808
2009-05-15,-0.022282633742714233
2009-05-18,0.04973591057425112
2009-05-19,0.001309346041302156
2009-05-20,-0.015424544889649595
2009-05-21,-0.0191627921832226
2009-05-22,-0.002474584454325037
2009-05-26,0.033458219048624546
2009-05-27,-0.018661806577956967
2009-05-28,0.009777175802633452
2009-05-29,0.016471379046564167
2009-06-01,0.03591558151105738
2009-06-02,0.011668790551406839
2009-06-03,-0.028025711842730474
2009-06-04,0.014923342656175977
2009-06-05,-0.002451634725980385
2009-06-08,0.0038710667821911958
2009-06-09,-0.002698648041990297
2009-06-10,-0.0060671985943506045
2009-06-11,0.004427169187526525
2009-06-12,-0.000573509954745285
2009-06-15,-0.02839234005169086
2009-06-16,-0.01516195939366909
2009-06-17,-0.002594322658432778
2009-06-18,0.006685167413261802
2009-06-19,0.006117236468734183
2009-06-22,-0.037637598955218315
2009-06-23,-0.0005332948068735522
2009-06-24,0.011807560841346092
2009-06-25,0.02468615462907347
2009-06-26,0.0018836918961070803
2009-06-29,0.016482112426388036
2009-06-30,-0.016743781310155637
2009-07-01,0.007802315877992683
2009-07-02,-0.034043542450412204
2009-07-06,0.00605093872836147
2009-07-07,-0.03443261578693256
2009-07-08,-0.005224467094844625
2009-07-09,0.004942854528878472
2009-07-10,-0.001224445783305419
2009-07-13,0.02579441393375055
2009-07-14,0.00807846374463353
2009-07-15,0.033677650539871436
2009-07-16,0.011384269314215736
2009-07-17,-0.0033484183928709234
2009-07-20,0.017363801559265334
2009-07-21,-0.0006607822027256192
2009-07-22,0.004704240313257822
2009-07-23,0.031119963684576035
2009-07-24,0.01729890731417523
2009-07-27,-0.004438640163562492
2009-07-28,-0.002138555632995735
2009-07-29,-0.00709539794718948
2009-07-30,0.01628909634565838
2009-07-31,0.0017844757399652984
2009-08-03,0.02001327809673245
2009-08-04,0.008378185967740606
2009-08-05,0.0014032628262528827
2009-08-06,-0.005062117628145091
2009-08-07,0.023908729462143945
2009-08-10,-0.002938141985212534
2009-08-11,-0.01417939296922805
2009-08-12,0.01401097178679286
2009-08-13,0.008292484103664389
2009-08-14,-0.012852389280626871
2009-08-17,-0.029571122010549043
2009-08-18,0.02330007975501908
2009-08-19,-0.002771627721195222
2009-08-20,0.014979990999791934
2009-08-21,0.02078513408746192
2009-08-24,-0.0026089835075654667
2009-08-25,0.006479148674645839
2009-08-26,0.00024052368823814256
2009-08-27,0.004660789424079844
2009-08-28,0.0009195820701009411
2009-08-31,-0.012370580411886514
2009-09-01,-0.028013860821336854
2009-09-02,-0.004495082079968004
2009-09-03,0.022532803181761624
2009-09-04,0.0049506603155896455
2009-09-08,0.011741737387944118
2009-09-09,0.013158521952988472
2009-09-10,0.012899959541651788
2009-09-11,0.00016027268889800455
2009-09-14,0.009047154113062311
2009-09-15,0.017743140946654974
2009-09-16,0.00977918384720441
2009-09-17,0.0034861918372154875
2009-09-18,-0.00730823249281507
2009-09-21,0.0065095852731002785
2009-09-22,-0.0017507511013363838
2009-09-23,-0.013098041586485865
2009-09-24,-0.016693135108354667
2009-09-25,-0.006719617648999346
2009-09-28,0.020920566920468474
2009-09-29,0.004209569849735583
2009-09-30,-0.009421460610642682
2009-10-01,-0.02271243520182161
2009-10-02,-0.017594579069501702
2009-10-05,0.029167385311326042
2009-10-06,0.004218523403662076
2009-10-07,0.0008547755570857602
2009-10-08,0.011989951034869984
2009-10-09,0.006563913031415138
2009-10-12,0.0027989857959445814
2009-10-13,-0.0030532435148294245
2009-10-14,0.01958854364237768
2009-10-15,0.0022118448251662393
2009-10-16,-0.00028641097822911833
2009-10-19,-0.00016183174301397443
2009-10-20,-0.009945129598980314
2009-10-21,-0.010769469040225025
2009-10-22,0.023551250870859092
2009-10-23,-0.025403060358106435
2009-10-26,-0.00420038651151189
2009-10-27,-0.020886044005379075
2009-10-28,-0.02094279506655287
2009-10-29,0.01673085635516284
2009-10-30,-0.028696146251138095
2009-11-02,0.0029112647991245666
2009-11-03,0.019351943577621468
2009-11-04,-0.003614185119754744
2009-11-05,0.013957584963119279
2009-11-06,0.011970987341900653
2009-11-09,0.016098260602611804
2009-11-10,-0.003381494485708353
2009-11-11,0.007343530799530831
2009-11-12,-0.004557732479409986
2009-11-13,0.008136950349249541
2009-11-16,0.01777671236401558
2009-11-17,-0.0017020381390624615
2009-11-18,-0.002590143413218466
2009-11-19,-0.01845943766119604
2009-11-20,-0.004171871618057283
2009-11-23,0.01168070974401533
2009-11-24,-0.0031567992827942815
2009-11-25,0.007195468462011893
2009-11-27,-0.02945039946086444
2009-11-30,0.0030966011259839187
2009-12-01,0.02411978638604492
2009-12-02,0.0057914212136248285
2009-12-03,-0.010006523235691326
2009-12-04,0.012138072114237008
2009-12-07,-0.001022903566223791
2009-12-08,-0.018190460237911127
2009-12-09,0.0017089169996448133
2009-12-10,0.013949238346262506
2009-12-11,0.007572696811883734
2009-12-14,0.012824999956316627
2009-12-15,-0.004669571243954518
2009-12-16,0.004918816312759842
2009-12-17,-0.010847069908908154
2009-12-18,0.005926336681860943
2009-12-21,0.00160585461857932
2009-12-22,0.01815157434295913
2009-12-23,0.005488158658477977
2009-12-24,0.00574597131450089
2009-12-28,-0.00988062618645727
2009-12-29,-0.0013550871186206554
2009-12-30,-0.00047762898586815536
2009-12-31,-0.011231188106664233
2010-01-04,0.015494752267232983
2010-01-05,0.005203167539902852
2010-01-06,0.012679862733703641
2010-01-07,-0.002782702668941611
2010-01-08,0.012280261547588805
2010-01-11,-0.007539205174867726
2010-01-12,-0.008942913156425682
2010-01-13,0.011670618020992283
2010-01-14,0.0014819335288632387
2010-01-15,-0.011797559387521514
2010-01-19,0.022238557871565624
2010-01-20,-0.020074795703342207
2010-01-21,-0.006754434627273974
2010-01-22,-0.031327243179310404
2010-01-25,0.0033474546881618558
2010-01-26,-0.00295562007252272
2010-01-27,0.005154721355213284
2010-01-28,-0.012585675035161633
2010-01-29,-0.006173129343316184
2010-02-01,0.016765486963279126
2010-02-02,0.013955795668461904
2010-02-03,-0.007384511342153054
2010-02-04,-0.0338420376923043
2010-02-05,0.0019586273770528335
2010-02-08,-0.007255147709346501
2010-02-09,0.013939575365936952
2010-02-10,-0.0013526807985401678
2010-02-11,0.012137296450889432
2010-02-12,0.001717740620821683
2010-02-16,0.018650080422562054
2010-02-17,0.0052318126234739415
2010-02-18,0.005362838370847446
2010-02-19,0.0044728410879438015
2010-02-22,-8.447874953191605e-05
2010-02-23,-0.012762311600563361
2010-02-24,0.009627243881817188
2010-02-25,0.00028041766136834543
2010-02-26,0.0016704200095564144
2010-03-01,0.015435712244511308
2010-03-02,0.005058527819019972
2010-03-03,0.0006837268445248471
2010-03-04,0.0034588387602812127
2010-03-05,0.016631760311889027
2010-03-08,0.006325919704500816
2010-03-09,-0.0028367695990820377
2010-03-10,0.006021918275405416
2010-03-11,0.009388213434434767
2010-03-12,-0.005242023011525137
2010-03-15,-0.0019795685847020785
2010-03-16,0.010093694762131157
2010-03-17,0.007468558069360371
2010-03-18,-0.002451062109255472
2010-03-19,-0.008504229170920799
2010-03-22,0.009896903490664338
2010-03-23,0.008266545243765787
2010-03-24,-0.007212685081442547
2010-03-25,-0.004752374635183203
2010-03-26,0.0008938635976691355
2010-03-29,0.007125085214028004
2010-03-30,0.0005705704778113565
2010-03-31,-0.004135867601865932
2010-04-01,0.00790266821789399
2010-04-05,0.011534224177171763
2010-04-06,0.005693397526546485
2010-04-07,-0.006219975653556356
2010-04-08,0.0024924118246479284
2010-04-09,0.007446582262329314
2010-04-12,0.002661314719822707
2010-04-13,0.0020545134600865184
2010-04-14,0.013755432096322743
2010-04-15,0.0005805684727981659
2010-04-16,-0.01512175467413021
2010-04-19,-0.0002681236258631469
2010-04-20,0.012554648741905743
2010-04-21,0.001983554079104202
2010-04-22,0.009249474824542348
2010-04-23,0.009174054886631956
2010-04-26,-0.002735566469559399
2010-04-27,-0.02602252024931238
2010-04-28,0.0036129110541748893
2010-04-29,0.018406555396770802
2010-04-30,-0.020044120827687185
2010-05-03,0.017071838550019536
2010-05-04,-0.028277710458122055
2010-05-05,-0.009412831975361306
2010-05-06,-0.03366775598318006
2010-05-07,-0.02192643369254325
2010-05-10,0.05017048463021009
2010-05-11,0.0001169845721386175
2010-05-12,0.01978048219693075
2010-05-13,-0.011909669168679728
2010-05-14,-0.022481138890413657
2010-05-17,0.0016055910928908618
2010-05-18,-0.0165996491059109
2010-05-19,-0.007997551318935352
2010-05-20,-0.04348752588560287
2010-05-21,0.0172205594363063
2010-05-24,-0.012811781511025832
2010-05-25,0.0006375836703368983
2010-05-26,-0.0005673520373197114
2010-05-27,0.037637561051323626
2010-05-28,-0.012049231170657412
2010-06-01,-0.02515654288169697
2010-06-02,0.02710581272609046
2010-06-03,0.007119227615213504
2010-06-04,-0.0417672839291464
2010-06-07,-0.020113628137905907
2010-06-08,0.0074924599109028895
2010-06-09,0.0007341085289287946
2010-06-10,0.03276455463524747
2010-06-11,0.009191168382515595
2010-06-14,0.0025232108567121722
2010-06-15,0.02464745515583423
2010-06-16,-0.004686093666555601
2010-06-17,-0.0015877552777563253
2010-06-18,-0.0010035127267747105
2010-06-21,-0.004173534259685847
2010-06-22,-0.021164671626680093
2010-06-23,-0.0016787788270310865
2010-06-24,-0.018963575976069846
2010-06-25,0.008924150729587747
2010-06-28,-0.003617854779693965
2010-06-29,-0.03689936118256556
2010-06-30,-0.010384229787544535
2010-07-01,-0.003638247665192707
2010-07-02,-0.008232811773230469
2010-07-06,-0.0009715625859198111
2010-07-07,0.03373440180380716
2010-07-08,0.00954704937977572
2010-07-09,0.011561228380138606
2010-07-12,-0.003695634414371479
2010-07-13,0.021105204850124917
2010-07-14,-0.0016922587887572235
2010-07-15,-0.0014050551582101313
2010-07-16,-0.03248776324355035
2010-07-19,0.006136897891784201
2010-07-20,0.014934389458714562
2010-07-21,-0.013868869292508938
2010-07-22,0.027106184249439554
2010-07-23,0.014294220050358599
2010-07-26,0.015699718181687215
2010-07-27,-0.005174666035628257
2010-07-28,-0.010129575267174347
2010-07-29,-0.002946162602470254
2010-07-30,0.0015959779359042672
2010-08-02,0.021070162393428137
2010-08-03,-0.017079581982073787
2010-08-04,0.017246642377624674
2010-08-05,-0.003165991631680747
2010-08-06,-0.011722925707122368
2010-08-09,0.008246554777143882
2010-08-10,-0.009767743079772174
2010-08-11,-0.024554853500290703
2010-08-12,-0.014136652971942745
2010-08-13,-0.005441756939885738
2010-08-16,0.01002692132247517
2010-08-17,0.00858586718495885
2010-08-18,0.002289113267801269
2010-08-19,-0.019534867351423776
2010-08-20,-0.0011120127077853623
2010-08-23,-0.007083340478913909
2010-08-24,-0.009916234358304635
2010-08-25,-0.00011093947381364327
2010-08-26,-0.0076516253256112225
2010-08-27,0.01989867668562056
2010-08-30,-0.009453965435493011
2010-08-31,-0.009051009301804901
2010-09-01,0.03301596419863441
2010-09-02,0.013584660838001927
2010-09-03,0.014935371195595092
2010-09-07,-0.015205727870517088
2010-09-08,0.006827498812824899
2010-09-09,0.01174687771350975
2010-09-10,-0.004584605824479943
2010-09-13,0.015425788859327697
2010-09-14,0.0002719065713263709
2010-09-15,0.0002975490846255195
2010-09-16,9.078889739842127e-05
2010-09-17,0.009781461454520548
2010-09-20,0.017877367466748735
2010-09-21,-0.004691073814788093
2010-09-22,-0.016496632062257426
2010-09-23,-0.009914044481469214
2010-09-24,0.025578546458763465
2010-09-27,-0.0038470622035465356
2010-09-28,0.008554659693639841
2010-09-29,-0.000690514452395787
2010-09-30,0.006129331649187983
2010-10-01,0.0041127652334810826
2010-10-04,-0.008652172332807205
2010-10-05,0.021270727249898987
2010-10-06,-0.0048530769208272855
2010-10-07,-0.0003304513899338421
2010-10-08,0.007884191559378627
2010-10-11,0.0008460266361259987
2010-10-12,0.0032495427863772344
2010-10-13,0.008266935021954993
2010-10-14,-0.004498135328996267
2010-10-15,0.0014679253359522002
2010-10-18,0.005723597483253372
2010-10-19,-0.016319729229144653
2010-10-20,0.011276912219231432
2010-10-21,0.0006139067799765653
2010-10-22,0.0039004783017320423
2010-10-25,0.003751968111072972
2010-10-26,-0.0011012109768262757
2010-10-27,-0.0027282038169104067
2010-10-28,-0.0014385617977208933
2010-10-29,0.0019347458839897174
2010-11-01,-0.0012997508509604854
2010-11-02,0.009917782727055005
2010-11-03,0.002119695130076569
2010-11-04,0.01977174028645063
2010-11-05,0.004562122879478423
2010-11-08,-0.0013520600462692976
2010-11-09,-0.011078177609219541
2010-11-10,0.005656284010195261
2010-11-11,-0.0017610152772365587
2010-11-12,-0.005862627750489193
2010-11-15,-0.007923726836688903
2010-11-16,-0.017563645507605495
2010-11-17,-0.0007924563104506949
2010-11-18,0.017411508978072684
2010-11-19,0.004127764532152747
2010-11-22,0.0020064997170683068
2010-11-23,-0.012188250672904105
2010-11-24,0.016683397956421625
2010-11-26,-0.00579805531134314
2010-11-29,-0.0023998552440967743
2010-11-30,-0.005281592905697911
2010-12-01,0.02145077709681456
2010-12-02,0.014189660742628979
2010-12-03,0.005263955214527741
2010-12-06,-0.00035252793073349054
2010-12-07,0.0017538777819796558
2010-12-08,0.0017924802026366023
2010-12-09,0.004313947234301797
2010-12-10,0.00791523833012484
2010-12-13,-0.0014607952806936293
2010-12-14,-0.010515542367239308
2010-12-15,0.00469811477587688
2010-12-16,0.009287783508797469
2010-12-17,0.003998710240176423
2010-12-20,0.003066883106108872
2010-12-21,0.007442612067659164
2010-12-22,0.0023844807268763465
2010-12-23,-0.0032374354164332836
2010-12-27,-0.00020638991559144583
2010-12-28,-0.012590546688830704
2010-12-29,0.013729425620476013
2010-12-30,-0.0007413944016625864
2010-12-31,0.001325372734395697
2011-01-03,-0.0026304264471980927
2011-01-04,0.00444372257411697
2011-01-05,0.006609888336163031
2011-01-06,-0.0009785539587373853
2011-01-07,-0.0013391934366087169
2011-01-10,0.008903552273606723
2011-01-11,-0.0038889401340242522
2011-01-12,0.008166100118260968
2011-01-13,0.00612661059486355
2011-01-14,0.0006713498997216534
2011-01-18,0.0036482965732601864
2011-01-19,-0.015236055267044695
2011-01-20,-0.0023184582334846242
2011-01-21,-0.0004553676026277906
2011-01-24,0.007585865082244474
2011-01-25,0.0018449695047597866
2011-01-26,0.00705083731993404
2011-01-27,0.005448878249785162
2011-01-28,-0.019323241473312668
2011-01-31,0.006544805394368445
2011-02-01,0.016188507579172888
2011-02-02,0.004526327976789153
2011-02-03,-0.0013560100605476098
2011-02-04,0.004734843611484022
2011-02-07,0.006941736046612303
2011-02-08,0.005570693732970269
2011-02-09,-0.003550303408771396
2011-02-10,0.003722885059997875
2011-02-11,0.00755046350997221
2011-02-14,-0.009951693346310094
2011-02-15,-0.0037876331442862595
2011-02-16,0.018676024281228814
2011-02-17,0.004357588261085351
2011-02-18,0.0025667315423606816
2011-02-22,-0.024935867640118466
2011-02-23,-0.012010983262882337
2011-02-24,0.0019442271323978635
2011-02-25,0.009368559970973562
2011-02-28,0.0031537081912391208
2011-03-01,-0.017911527187938273
2011-03-02,0.003952645202462407
2011-03-03,0.01902516466224008
2011-03-04,-0.00597851577119935
2011-03-07,-0.010496550913206278
2011-03-08,0.011675367510921804
2011-03-09,-0.0022210483616452686
2011-03-10,-0.019085583971577863
2011-03-11,0.008183280981156267
2011-03-14,-0.007246946383068745
2011-03-15,-0.01001615088767474
2011-03-16,-0.015163206154163989
2011-03-17,0.008935294323545864
2011-03-18,0.005016414092947667
2011-03-21,0.016646360933077156
2011-03-22,-0.005512092606535198
2011-03-23,0.0025972302137646014
2011-03-24,0.009993951603023762
2011-03-25,0.004639933290721918
2011-03-28,-0.0026458900855741018
2011-03-29,0.008222112677761517
2011-03-30,0.008848129105309546
2011-03-31,-0.0004063305209991536
2011-04-01,0.006304655048868518
2011-04-04,0.00018745810828923255
2011-04-05,0.0013701316823143347
2011-04-06,0.0026576011554068375
2011-04-07,-0.0032057217246296062
2011-04-08,-0.006994939318463111
2011-04-11,-0.005502932006509513
2011-04-12,-0.005063223559629666
2011-04-13,0.0017410595959345214
2011-04-14,0.0002517109504920655
2011-04-15,0.007258421702093723
2011-04-18,-0.012889345144019342
2011-04-19,0.005011562251176889
2011-04-20,0.014054079160225785
2011-04-21,0.006588915436447805
2011-04-25,-0.004558501030754178
2011-04-26,0.011568637317632326
2011-04-27,0.006411235624510147
2011-04-28,0.002248385544339957
2011-04-29,0.0016811532547669262
2011-05-02,-0.002620496924144873
2011-05-03,-0.006440529611710075
2011-05-04,-0.007781135243701068
2011-05-05,-0.0030210508596015912
2011-05-06,0.0034353175406283206
2011-05-09,0.005195691396955771
2011-05-10,0.010695421156502767
2011-05-11,-0.010411068169808697
2011-05-12,0.0055916099559821224
2011-05-13,-0.008545320344860373
2011-05-16,-0.007374236642787441
2011-05-17,-0.0034222775717139588
2011-05-18,0.011487566215764635
2011-05-19,0.002492319656393553
2011-05-20,-0.007384548582678604
2011-05-23,-0.007215696736175217
2011-05-24,-0.00996307825610633
2011-05-25,0.004680908191305317
2011-05-26,0.005966234390846004
2011-05-27,0.005095915491124722
2011-05-31,0.00985552822022395
2011-06-01,-0.024436144912911323
2011-06-02,-0.001115867202740748
2011-06-03,-0.012618830373823076
2011-06-06,-0.012519452209474074
2011-06-07,0.0012816894213533306
2011-06-08,-0.008808060826127298
2011-06-09,0.006811090751149177
2011-06-10,-0.015582628328473031
2011-06-13,-0.0003115523232761377
2011-06-14,0.016322037992583138
2011-06-15,-0.017825916239023496
2011-06-16,-0.00014100697002099723
2011-06-17,0.0036530898992328713
2011-06-20,0.007330420804021618
2011-06-21,0.016866515560313634
2011-06-22,-0.005640936972961178
2011-06-23,-0.0007774726453885652
2011-06-24,-0.010176608091124802
2011-06-27,0.007349533087602028
2011-06-28,0.013629813528440223
2011-06-29,0.006760937947614063
2011-06-30,0.009156952276373954
2011-07-01,0.023407788765192093
2011-07-05,-0.008992177692325957
2011-07-06,0.0016014326050285302
2011-07-07,0.011590231775649143
2011-07-08,-0.00846055470364493
2011-07-11,-0.021674058732458635
2011-07-12,-0.004183478161149024
2011-07-13,0.002977742655767813
2011-07-14,-0.01115822768452065
2011-07-15,0.004072160962032091
2011-07-18,-0.01316485486727691
2011-07-19,0.01699062660615105
2011-07-20,-0.0009402696695290651
2011-07-21,0.009466617758165546
2011-07-22,0.002463301281101588
2011-07-25,-0.007396027144588401
2011-07-26,-0.005312720941583821
2011-07-27,-0.024634920970319288
2011-07-28,-0.004592621592806337
2011-07-29,-0.0037123487055429095
2011-08-01,-0.0005764638449249791
2011-08-02,-0.03843287812826916
2011-08-03,0.0068113802769098715
2011-08-04,-0.055875817630731184
2011-08-05,-0.006056826750779132
2011-08-08,-0.08266323707928637
2011-08-09,0.055401124202917255
2011-08-10,-0.04344728199246691
2011-08-11,0.04960927109012415
2011-08-12,0.005399095604405548
2011-08-15,0.023850117401798033
2011-08-16,-0.01234384984474182
2011-08-17,-0.0026509846464736943
2011-08-18,-0.05494737167574874
2011-08-19,-0.016969814302989012
2011-08-22,0.00018641342005247676
2011-08-23,0.03771982552964405
2011-08-24,0.016053525487121766
2011-08-25,-0.012441778825643925
2011-08-26,0.014242989460627482
2011-08-29,0.036635617966205555
2011-08-30,0.010947743344709073
2011-08-31,-0.002373653950538624
2011-09-01,-0.015222306813027466
2011-09-02,-0.030515848448447916
2011-09-06,-0.008579872687391365
2011-09-07,0.03612012676656579
2011-09-08,-0.014517773186847046
2011-09-09,-0.028826683700182265
2011-09-12,0.004406760910199935
2011-09-13,0.015303003051976231
2011-09-14,0.015865779969379712
2011-09-15,0.015256220293082729
2011-09-16,0.0025536326436345503
2011-09-19,-0.013328437672841947
2011-09-20,-0.007253125913535642
2011-09-21,-0.03483363337350753
2011-09-22,-0.035817854059457914
2011-09-23,0.008693703700288078
2011-09-26,0.02229921952277676
2011-09-27,0.014588914539997808
2011-09-28,-0.02867583198968622
2011-09-29,0.008002760361303965
2011-09-30,-0.02977751240335767
2011-10-03,-0.04177843667053799
2011-10-04,0.034401627399969874
2011-10-05,0.02155810339249902
2011-10-06,0.0248137040911236
2011-10-07,-0.014233215831405847
2011-10-10,0.04266816334304977
2011-10-11,-0.006734190461703238
2011-10-12,0.012339670059928684
2011-10-13,-0.0026474909951625793
2011-10-14,0.016019079637503427
2011-10-17,-0.02602755549863612
2011-10-18,0.026633214293179615
2011-10-19,-0.014967251163196067
2011-10-20,0.00593331044238358
2011-10-21,0.022939583143423536
2011-10-24,0.022898157169260178
2011-10-25,-0.023893963307881287
2011-10-26,0.011461386042732866
2011-10-27,0.041332441266304226
2011-10-28,0.0008342210297710418
2011-10-31,-0.02538751318966013
2011-11-01,-0.031000704911288667
2011-11-02,0.019499638931398448
2011-11-03,0.019833450216557552
2011-11-04,-0.003795195586235725
2011-11-07,0.0023907861903267875
2011-11-08,0.011925966492153623
2011-11-09,-0.04169579085066203
2011-11-10,0.008227242323059897
2011-11-11,0.022196970326249878
2011-11-14,-0.010929515185943272
2011-11-15,0.005905211059249954
2011-11-16,-0.01684700594288567
2011-11-17,-0.019162245071886595
2011-11-18,0.00012975942045786797
2011-11-21,-0.019897612413492083
2011-11-22,-0.005819293060883496
2011-11-23,-0.02558596520269213
2011-11-25,-0.0024610517980638356
2011-11-28,0.03246695342051459
2011-11-29,0.0015843525368268057
2011-11-30,0.045827936366310454
2011-12-01,-0.0014243803455650434
2011-12-02,0.0009615442665430946
2011-12-05,0.01297730983180367
2011-12-06,-0.002036877968096713
2011-12-07,0.0021901641658446866
2011-12-08,-0.02597689135910985
2011-12-09,0.019350169045606897
2011-12-12,-0.014819363304441264
2011-12-13,-0.016124095287067288
2011-12-14,-0.013622766039264472
2011-12-15,0.005808859383988217
2011-12-16,0.005882659683126988
2011-12-19,-0.016520774178025992
2011-12-20,0.033325609642774666
2011-12-21,0.0009394128341541544
2011-12-22,0.010537209937137899
2011-12-23,0.008827981565521573
2011-12-27,0.0004115660824228911
2011-12-28,-0.015749794177871427
2011-12-29,0.011799888097979626
2011-12-30,-0.004299709449812178
2012-01-03,0.013565512342328594
2012-01-04,-0.0019935223173964726
2012-01-05,0.006856412353104923
2012-01-06,-0.0007735469344875018
2012-01-09,0.003616822404831349
2012-01-10,0.014209499551811073
2012-01-11,0.0035463163489442527
2012-01-12,0.004580329311146351
2012-01-13,-0.005947909048397848
2012-01-17,0.002843792072945139
2012-01-18,0.015760351887047656
2012-01-19,0.0069605680369699855
2012-01-20,-0.0013473796487428727
2012-01-23,0.00014068520307496628
2012-01-24,0.0036685961813953958
2012-01-25,0.009512066752841643
2012-01-26,-0.003720929846393998
2012-01-27,0.003140405107324804
2012-01-30,-0.006596164131228315
2012-01-31,0.00019382106492854946
2012-02-01,0.015620981534521102
2012-02-02,0.0016317897436701804
2012-02-03,0.01773312264410222
2012-02-06,-0.001056569721980895
2012-02-07,0.0008371986681862704
2012-02-08,0.002190269708273847
2012-02-09,0.0032472049130839497
2012-02-10,-0.008710032294364345
2012-02-13,0.008185261240758366
2012-02-14,-0.00218083080387721
2012-02-15,-0.0033962470348752553
2012-02-16,0.013334162643752642
2012-02-17,0.001284320875875276
2012-02-21,-0.005554174884575942
2012-02-22,-0.005452077078423775
2012-02-23,0.007447708130002343
2012-02-24,0.00012614239542206056
2012-02-27,0.001129831921562291
2012-02-28,0.0009877855898520979
2012-02-29,-0.00504332384376917
2012-03-01,0.005824982057380132
2012-03-02,-0.0058572698243592475
2012-03-05,-0.0041886730211217965
2012-03-06,-0.018715800407780904
2012-03-07,0.008565334481192385
2012-03-08,0.011971570484169164
2012-03-09,0.007677829770102789
2012-03-12,-0.0022802140788427466
2012-03-13,0.018668566009140523
2012-03-14,-0.003946534427679997
2012-03-15,0.009746225109919099
2012-03-16,-0.00012786229735378387
2012-03-19,0.0029362059580040874
2012-03-20,-0.005010001234505972
2012-03-21,-0.0005849727038507263
2012-03-22,-0.009057335145236094
2012-03-23,0.00463196927059951
2012-03-26,0.014779021626091036
2012-03-27,-0.0028451545242483963
2012-03-28,-0.006049214691207271
2012-03-29,-0.0017152631987053214
2012-03-30,0.0018874182796546732
2012-04-02,0.006728841155100036
2012-04-03,-0.003499205585495397
2012-04-04,-0.01130753995197661
2012-04-05,-0.0025841044133954024
2012-04-09,-0.014521187635114246
2012-04-10,-0.02160956301246568
2012-04-11,0.011189197746268583
2012-04-12,0.016058508606657588
2012-04-13,-0.011880682996828689
2012-04-16,-0.0007605107331443099
2012-04-17,0.015397994252433225
2012-04-18,-0.004021485404300676
2012-04-19,-0.003835474765944747
2012-04-20,0.001590335734405139
2012-04-23,-0.011530492184438957
2012-04-24,0.0032981885460804054
2012-04-25,0.01416672955877342
2012-04-26,0.007421651641846639
2012-04-27,0.004996226217967064
2012-04-30,-0.005708263643238916
2012-05-01,0.006877879272500123
2012-05-02,-0.0008933464252575956
2012-05-03,-0.01163082910471919
2012-05-04,-0.016713434311612756
2012-05-07,0.0009289488659989943
2012-05-08,-0.005210907858175562
2012-05-09,-0.003734211870696689
2012-05-10,0.0022187392152223464
2012-05-11,-0.0012779719807409866
2012-05-14,-0.013157014700525375
2012-05-15,-0.005379354778355747
2012-05-16,-0.008240323062464307
2012-05-17,-0.023357057458514685
2012-05-18,-0.010439404778643413
2012-05-21,0.020661100993187253
2012-05-22,0.0016433821427001268
2012-05-23,0.005018347688592664
2012-05-24,0.0011060641561136764
2012-05-25,0.0009480974441286691
2012-05-29,0.014225625548497326
2012-05-30,-0.019739621534601
2012-05-31,-0.0023158839831082705
2012-06-01,-0.03100515893523141
2012-06-04,-0.004420406591585088
2012-06-05,0.010877449742265666
2012-06-06,0.024809257560443443
2012-06-07,-0.00385257129986224
2012-06-08,0.009245781801686932
2012-06-11,-0.01731181827543473
2012-06-12,0.013036136907533673
2012-06-13,-0.011008879423019945
2012-06-14,0.009596287785762273
2012-06-15,0.011693580197349118
2012-06-18,0.004879407026247302
2012-06-19,0.012700773190711449
2012-06-20,-0.0018230957147560047
2012-06-21,-0.025382157685962903
2012-06-22,0.00636509406894081
2012-06-25,-0.01836402596238798
2012-06-26,0.005289933893656416
2012-06-27,0.009015511962703478
2012-06-28,0.00022439763404695598
2012-06-29,0.02728392849683206
2012-07-02,0.003852185458066448
2012-07-03,0.009205590954222624
2012-07-05,-0.001813782161442316
2012-07-06,-0.011520637806596139
2012-07-09,-0.004330835062387751
2012-07-10,-0.011798119842151452
2012-07-11,-0.0025915611052686714
2012-07-12,-0.0036526920801196023
2012-07-13,0.016166624924753462
2012-07-16,-0.004567890290747572
2012-07-17,0.006219952353417407
2012-07-18,0.008164211637727153
2012-07-19,0.0027387195434519828
2012-07-20,-0.012841930701255362
2012-07-23,-0.011479121163870834
2012-07-24,-0.011217615980061482
2012-07-25,-0.00019801293075673095
2012-07-26,0.015845701349787404
2012-07-27,0.021098698029543787
2012-07-30,-0.0026635761962999814
2012-07-31,-0.006392847410402389
2012-08-01,-0.00669708397857028
2012-08-02,-0.00838528465364457
2012-08-03,0.021787842255523375
2012-08-06,0.005011174250434789
2012-08-07,0.010135164695292888
2012-08-08,0.0005315986304519011
2012-08-09,0.0023400937886360485
2012-08-10,0.001953985591786505
2012-08-13,-0.001913447472063763
2012-08-14,-0.0007350463641296485
2012-08-15,0.004847537980955019
2012-08-16,0.009081010555407516
2012-08-17,0.002992688020598218
2012-08-20,-0.0022030002148060654
2012-08-21,-0.0006359648960579838
2012-08-22,-0.001438511126963687
2012-08-23,-0.00775300876880586
2012-08-24,0.004382951885576754
2012-08-27,-0.0018752148324565406
2012-08-28,0.001286748875458482
2012-08-29,0.001900326111831479
2012-08-30,-0.008207441074760138
2012-08-31,0.005637135461296528
2012-09-04,0.000451040011222903
2012-09-05,-0.0011072392815164478
2012-09-06,0.02105183519954424
2012-09-07,0.00623103594083927
2012-09-10,-0.005122400847326541
2012-09-11,0.003952164898146282
2012-09-12,0.003916104440840917
2012-09-13,0.013886376232148681
2012-09-14,0.00834493050416684
2012-09-17,-0.007380917489516915
2012-09-18,-0.004302644987631028
2012-09-19,0.003932305035099969
2012-09-20,-0.004158934655831161
2012-09-21,0.0009278608864559019
2012-09-24,-0.0025615553730012402
2012-09-25,-0.01393978777693441
2012-09-26,-0.006180317859346592
2012-09-27,0.01015182042578289
2012-09-28,-0.003320188583734567
2012-10-01,0.0006680777414524242
2012-10-02,0.001534917869158264
2012-10-03,0.002710562287407083
2012-10-04,0.008587129973383262
2012-10-05,0.000368603229865077
2012-10-08,-0.0028056200118572873
2012-10-09,-0.011361645301075404
2012-10-10,-0.005391718662390432
2012-10-11,0.003617800542711533
2012-10-12,-0.004541658296553599
2012-10-15,0.00890814427703989
2012-10-16,0.01076328708607889
2012-10-17,0.00602085557109806
2012-10-18,-0.001191246376323697
2012-10-19,-0.015615791919284527
2012-10-22,1.8358346307357197e-05
2012-10-23,-0.009538499263741002
2012-10-24,-0.00427824759048296
2012-10-25,0.0034013855966046514
2012-10-26,-0.0016374488229159109
2012-10-31,0.0027764956944788016
2012-11-01,0.01630389890131187
2012-11-02,-0.010615232495641669
2012-11-05,0.004695400039955494
2012-11-06,0.009558498380444704
2012-11-07,-0.020457020362189007
2012-11-08,-0.012559847610088437
2012-11-09,0.0009502150377949663
2012-11-12,-0.0012969571602677997
2012-11-13,-0.002877419753013767
2012-11-14,-0.01524864423523907
2012-11-15,-0.001799027475546173
2012-11-16,0.007490898309226612
2012-11-19,0.018490217399357807
2012-11-20,0.0019538929586618205
2012-11-21,0.0038831005350150084
2012-11-23,0.012303788748778893
2012-11-26,-0.0013322807394948303
2012-11-27,-0.003322726471831613
2012-11-28,0.008103460799470661
2012-11-29,0.005106163108179155
2012-11-30,0.0003192296365376502
2012-12-03,-0.0039297932225829104
2012-12-04,-0.0009049979315536205
2012-12-05,0.0021566620598632426
2012-12-06,0.0033454094158780227
2012-12-07,0.003534082132985499
2012-12-10,0.0020070583567144452
2012-12-11,0.00692455440871104
2012-12-12,0.0008616277052659403
2012-12-13,-0.004761884110939385
2012-12-14,-0.002747504120602924
2012-12-17,0.011579852550728596
2012-12-18,0.013307302955019154
2012-12-19,-0.0038077814192906496
2012-12-20,0.0051921672347752905
2012-12-21,-0.00852294096237858
2012-12-24,-0.0025517220338822657
2012-12-26,-0.006956242360080774
2012-12-27,-3.429668528610614e-05
2012-12-28,-0.008598284455174092
2012-12-31,0.017622016131945122
2013-01-02,0.023371330061228837
2013-01-03,0.0002801286763389467
2013-01-04,0.007528216583161787
2013-01-07,-0.0032010198465577573
2013-01-08,-0.003976913583317362
2013-01-09,0.004981633227576443
2013-01-10,0.005485809811510049
2013-01-11,-0.000198544603167513
2013-01-14,0.0008085682443976725
2013-01-15,0.004426962906642708
2013-01-16,-0.0012808355239786954
2013-01-17,0.00844479855222541
2013-01-18,0.002891279243343707
2013-01-22,0.007932492530781866
2013-01-23,-2.1727958430506756e-05
2013-01-24,0.00575681857924434
2013-01-25,0.007128705791116989
2013-01-28,-0.001255995557499418
2013-01-29,0.0010518293146346506
2013-01-30,-0.004350648336863385
2013-01-31,0.0005097831656432432
2013-02-01,0.009167070015109816
2013-02-04,-0.01016402681625957
2013-02-05,0.009549382740314947
2013-02-06,0.00341790583567362
2013-02-07,-0.0016755101399037848
2013-02-08,0.005305827248332963
2013-02-11,-0.0003066746032085715
2013-02-12,0.003938311884415113
2013-02-13,0.001462159514873582
2013-02-14,0.0016614759914149306
2013-02-15,-0.001728366522688763
2013-02-19,0.00739966174064327
2013-02-20,-0.015903122003583868
2013-02-21,-0.0100654706157148
2013-02-22,0.010830112000813684
2013-02-25,-0.019892944942377096
2013-02-26,0.005907231965586895
2013-02-27,0.013876239386859855
2013-02-28,0.0010815272852686363
2013-03-01,0.0024040762386246745
2013-03-04,0.005366033324387459
2013-03-05,0.012169539319499302
2013-03-06,0.0007796917264751229
2013-03-07,0.0013050470025877323
2013-03-08,0.006480710294524818
2013-03-11,0.002635380310468774
2013-03-12,-0.001820680427229536
2013-03-13,0.004014287661581791
2013-03-14,0.00553573729547131
2013-03-15,-0.0022668774227377164
2013-03-18,-0.003741499927560534
2013-03-19,-0.002211034046823071
2013-03-20,0.010792541816885739
2013-03-21,-0.010064466278121761
2013-03-22,0.004578982614011582
2013-03-25,-0.0012115895184320903
2013-03-26,0.007213842782289354
2013-03-27,0.00010755914347037134
2013-03-28,0.006555160351034302
2013-04-01,-0.007548005431145708
2013-04-02,0.0004948104346874002
2013-04-03,-0.013909388601625581
2013-04-04,0.0059450879595488205
2013-04-05,-0.003290506573390311
2013-04-08,0.00888248813282841
2013-04-09,0.0024556065626150474
2013-04-10,0.01307563426267681
2013-04-11,0.004226377755338601
2013-04-12,-0.003805495101276893
2013-04-15,-0.02914707357871056
2013-04-16,0.016183214706196585
2013-04-17,-0.015960022926456947
2013-04-18,-0.007231203296680418
2013-04-19,0.01074716025007235
2013-04-22,0.0036845831290273348
2013-04-23,0.011490015664735814
2013-04-24,0.002482835294525504
2013-04-25,0.008299263262360631
2013-04-26,-0.0035278265682173655
2013-04-29,0.006381898497005853
2013-04-30,0.004462051482941173
2013-05-01,-0.012256411820059876
2013-05-02,0.009764102027386555
2013-05-03,0.012930299763713309
2013-05-06,0.004488847536113006
2013-05-07,0.005929254060396557
2013-05-08,0.005468514679389436
2013-05-09,-0.0031315695370326647
2013-05-10,0.006727762097673792
2013-05-13,-0.0006906829472518463
2013-05-14,0.012481410097303906
2013-05-15,0.005810159356578816
2013-05-16,-0.006444218681117265
2013-05-17,0.011464257448992363
2013-05-20,-0.0005281525096513362
2013-05-21,0.0009615630916830021
2013-05-22,-0.013246872171262972
2013-05-23,-0.001211555937902641
2013-05-24,-0.0012316867124586
2013-05-28,0.00832329604814468
2013-05-29,-0.009541246854407786
2013-05-30,0.0035084405433376663
2013-05-31,-0.011296075776555435
2013-06-03,0.0015520384717016616
2013-06-04,-0.006894043784656708
2013-06-05,-0.014867620040589013
2013-06-06,0.010470943016566035
2013-06-07,0.012354322106507986
2013-06-10,0.00017673840020559768
2013-06-11,-0.011643977012688171
2013-06-12,-0.009341411882682824
2013-06-13,0.01701811456178131
2013-06-14,-0.005787845483874569
2013-06-17,0.007828185191576374
2013-06-18,0.00843550702320365
2013-06-19,-0.013928278003663315
2013-06-20,-0.026982926567339263
2013-06-21,0.001381078200509406
2013-06-24,-0.012678951859683204
2013-06-25,0.011445212606618491
2013-06-26,0.007180140064583642
2013-06-27,0.012629771582663636
2013-06-28,-0.003852339663912006
2013-07-01,0.007968145923669694
2013-07-02,-0.0008728394808471124
2013-07-03,0.00030074800161191095
2013-07-05,0.010653992563860964
2013-07-08,0.0050123607424025374
2013-07-09,0.007406586766930635
2013-07-10,0.0010013312326538895
2013-07-11,0.01507988858307696
2013-07-12,0.003102633429536195
2013-07-15,0.002553217787401825
2013-07-16,-0.005479355490619584
2013-07-17,0.0025454267065320333
2013-07-18,0.006900575468516155
2013-07-19,0.001748566188309796
2013-07-22,0.0029206118650345232
2013-07-23,-0.001704156674165329
2013-07-24,-0.006435634391667202
2013-07-25,0.004680740329870639
2013-07-26,-0.0014440998055102263
2013-07-29,-0.004532869951189355
2013-07-30,0.0025618005738274256
2013-07-31,0.002829003493992557
2013-08-01,0.016419207403452193
2013-08-02,-0.00031102718379605836
2013-08-05,-0.00035739894490654107
2013-08-06,-0.007389480571793598
2013-08-07,-0.004860391777351698
2013-08-08,0.006207608966959012
2013-08-09,9.556683191313796e-05
2013-08-12,0.0005264484014724238
2013-08-13,-0.0010854582803949894
2013-08-14,-0.005670921635279922
2013-08-15,-0.014711877029334068
2013-08-16,-0.0034567936243932043
2013-08-19,-0.0070962822052480536
2013-08-20,0.010235368460183063
2013-08-21,-0.004620382486183468
2013-08-22,0.010033940716617656
2013-08-23,0.002830613349665931
2013-08-26,-0.002325627250008451
2013-08-27,-0.01984046090886709
2013-08-28,0.0021092124480298355
2013-08-29,0.004159080770299605
2013-08-30,-0.006363679792115331
2013-09-03,0.0038099629896058036
2013-09-04,0.009623716860783713
2013-09-05,0.002297527938793556
2013-09-06,0.001106602905547799
2013-09-09,0.013341457855341169
2013-09-10,0.009027228869561086
2013-09-11,0.0026123778990270754
2013-09-12,-0.004498491373372068
2013-09-13,0.0034899116692798707
2013-09-16,0.0063746426441899685
2013-09-17,0.005098300219788834
2013-09-18,0.012065675304813794
2013-09-19,-0.0011851894782118305
2013-09-20,-0.007285654437645048
2013-09-23,-0.004697349312976321
2013-09-24,0.0008108219345154723
2013-09-25,-0.0019232878697037486
2013-09-26,0.003974683550519129
2013-09-27,-0.0052881884117322656
2013-09-30,-0.0026109009097614842
2013-10-01,0.010175345840960977
2013-10-02,-9.752745386452211e-05
2013-10-03,-0.009944931470274941
2013-10-04,0.0075830697626341065
2013-10-07,-0.008970492261453876
2013-10-08,-0.013581209856974731
2013-10-09,-0.0006698050477491821
2013-10-10,0.021701729715634905
2013-10-11,0.0076253681132522465
2013-10-14,0.0035047918831741494
2013-10-15,-0.008421685581483164
2013-10-16,0.013580207847711696
2013-10-17,0.008653430057920762
2013-10-18,0.006448846270352819
2013-10-21,-0.00012285592393723716
2013-10-22,0.0060769127628499675
2013-10-23,-0.004597989353783602
2013-10-24,0.0036033366546108243
2013-10-25,0.005065040341613107
2013-10-28,0.00027572327926374306
2013-10-29,0.004825959145367124
2013-10-30,-0.008207575202009897
2013-10-31,-0.0015382526882168754
2013-11-01,0.002298830787742143
2013-11-04,0.005786111737213639
2013-11-05,-0.003936910489649104
2013-11-06,0.00023030647205851017
2013-11-07,-0.013802068757921981
2013-11-08,0.011685840707495211
2013-11-11,0.0023943736179577414
2013-11-12,-0.0017643199981439532
2013-11-13,0.009310041702514513
2013-11-14,0.005214753191611424
2013-11-15,0.004069933177200186
2013-11-18,-0.00680899582090711
2013-11-19,-0.008982254719337144
2013-11-20,-0.0001042964060562711
2013-11-21,0.010540459709695704
2013-11-22,0.004044873781994704
2013-11-25,-0.0012808572799900997
2013-11-26,0.0014459185794055982
2013-11-27,0.003155094391283402
2013-11-29,-0.002157634720090235
2013-12-02,-0.0021126488461178793
2013-12-03,-0.0038245226296684583
2013-12-04,-0.001768912221986352
2013-12-05,-0.002735632165887777
2013-12-06,0.009636681919342248
2013-12-09,0.0010401596354391814
2013-12-10,-0.0023910076967958997
2013-12-11,-0.013078009509955354
2013-12-12,-0.0014960313822177183
2013-12-13,0.002451666833976843
2013-12-16,0.003471162671810542
2013-12-17,0.0020812641839413285
2013-12-18,0.013680085932561783
2013-12-19,-0.001836602080859874
2013-12-20,0.013485292294380453
2013-12-23,-0.0006166911335866812
2013-12-24,0.004913816895158465
2013-12-26,0.002687245760069232
2013-12-27,0.0005216849741461958
2013-12-30,0.0011739956527798215
2013-12-31,0.002858471749556029
2014-01-02,-0.008901667402288777
2014-01-03,0.0019481513524351344
2014-01-06,-0.004000596148237034
2014-01-07,0.007568778425054124
2014-01-08,0.0018435122613895568
2014-01-09,0.0017576530537302968
2014-01-10,0.005531312506314098
2014-01-13,-0.01425878981573769
2014-01-14,0.011909130760958031
2014-01-15,0.004509347395887627
2014-01-16,-0.001113810636905731
2014-01-17,-0.0034789914588164994
2014-01-21,0.002408559139743744
2014-01-22,0.0027482386038313418
2014-01-23,-0.008636500876810803
2014-01-24,-0.024097206057441437
2014-01-27,-0.005244660385975397
2014-01-28,0.01029247476158635
2014-01-29,-0.009259742038391545
2014-01-30,0.014091864862691903
2014-01-31,-0.004727598635367992
2014-02-03,-0.02701783343320867
2014-02-04,0.008390780450262543
2014-02-05,-0.0015735307969617464
2014-02-06,0.012774927037107923
2014-02-07,0.013751545637563159
2014-02-10,0.002839040969515763
2014-02-11,0.009186254970453707
2014-02-12,0.0021986314268891364
2014-02-13,0.008396363952680421
2014-02-14,0.004232233768229001
2014-02-18,0.004444282190890016
2014-02-19,-0.005515794152532082
2014-02-20,0.007721655225510268
2014-02-21,0.0009990264423755614
2014-02-24,0.006164911111333551
2014-02-25,-0.00010572469326163245
2014-02-26,0.003991603421162744
2014-02-27,0.004162549049774254
2014-02-28,0.0016152969302963797
2014-03-03,-0.007211304142023187
2014-03-04,0.016695846264338933
2014-03-05,-0.0012835478465184917
2014-03-06,0.0006975540768888052
2014-03-07,0.0027716849789624336
2014-03-10,-0.00360048914985653
2014-03-11,-0.0074914429362487244
2014-03-12,0.0009530872572397349
2014-03-13,-0.011937402489138941
2014-03-14,0.0006765290260678784
2014-03-17,0.007264510864008214
2014-03-18,0.007444692748075774
2014-03-19,-0.005246978336928568
2014-03-20,0.004161531728334031
2014-03-21,-0.002924082180955199
2014-03-24,-0.005984526616681895
2014-03-25,0.0017003732028893436
2014-03-26,-0.009106304523618765
2014-03-27,-0.0030193915948777653
2014-03-28,0.005156147243100394
2014-03-31,0.011698027169687621
2014-04-01,0.008993255407407287
2014-04-02,0.003707362013170899
2014-04-03,-0.00404757192969093
2014-04-04,-0.013482225466824494
2014-04-07,-0.01517004176006574
2014-04-08,0.006480128938128734
2014-04-09,0.010415230491085704
2014-04-10,-0.02231141497103277
2014-04-11,-0.012739745382348198
2014-04-14,0.005960790566852987
2014-04-15,0.005446415881957923
2014-04-16,0.01151319521358202
2014-04-17,0.00223164801991627
2014-04-21,0.0026205057064667054
2014-04-22,0.007224151874290812
2014-04-23,-0.0023072480905049794
2014-04-24,0.0006225522269106751
2014-04-25,-0.011176422879073283
2014-04-28,-0.0019185371676969923
2014-04-29,0.005049798529940048
2014-04-30,0.004180592792332615
2014-05-01,0.0009923062728765845
2014-05-02,0.0007680264464554224
2014-05-05,0.000845073441388843
2014-05-06,-0.012556397008412021
2014-05-07,0.004849552560780681
2014-05-08,0.0018258010888210887
2014-05-09,0.0027112709998278715
2014-05-12,0.00898012144391636
2014-05-13,0.007395609594539381
2014-05-14,-0.012371762669582497
2014-05-15,-0.012149555401074309
2014-05-16,0.009128217638275296
2014-05-19,0.003991352762365069
2014-05-20,-0.012174925268273806
2014-05-21,0.015202855100970372
2014-05-22,-0.0016753622706023167
2014-05-23,0.007113247616228474
2014-05-27,0.0064275335915362185
2014-05-28,-0.0002783270362345838
2014-05-29,0.009573082273688608
2014-05-30,-0.0054910200181389575
2014-06-02,-0.0021312951320765234
2014-06-03,0.008824181386002319
2014-06-04,-0.0014749855532221927
2014-06-05,0.00922616777380288
2014-06-06,0.0019120906484044998
2014-06-09,0.010837565204772186
2014-06-10,-0.001819240206592641
2014-06-11,-0.003928357715549927
2014-06-12,-0.007512408218835861
2014-06-13,-0.002218685573198631
2014-06-16,0.0020737868141981
2014-06-17,0.001674250108600805
2014-06-18,0.0061982298251054635
2014-06-19,0.0056036666659176025
2014-06-20,0.0007155580504785115
2014-06-23,0.00048175603862746837
2014-06-24,-0.008163221924733812
2014-06-25,0.004649205272038911
2014-06-26,0.005579550435047775
2014-06-27,-0.005702590628369624
2014-06-30,0.00487572135377077
2014-07-01,0.006226435212710248
2014-07-02,0.003483676280517655
2014-07-03,0.005346825817779559
2014-07-07,-0.01639013208285439
2014-07-08,0.0009176436695440054
2014-07-09,-0.005171726966710638
2014-07-10,0.0033924189747158878
2014-07-11,0.0003678671546477007
2014-07-14,-0.005917479522112053
2014-07-15,0.005779893183937069
2014-07-16,-0.0071681910326941945
2014-07-17,-0.011745686518545372
2014-07-18,0.011341779527783277
2014-07-21,0.000632969760555973
2014-07-22,0.006081366417367302
2014-07-23,-0.0026177088964315677
2014-07-24,0.006747535462774059
2014-07-25,-0.0009494490244704912
2014-07-28,-0.004801557481265563
2014-07-29,-0.0004531166816648781
2014-07-30,-0.007388035768920023
2014-07-31,-0.010330985584973496
2014-08-01,-0.01125534597574754
2014-08-04,0.009973791099467192
2014-08-05,-0.0008641467146050024
2014-08-06,-0.00838868930848448
2014-08-07,-0.004210242704717447
2014-08-08,0.011177027941538015
2014-08-11,0.01268533416196314
2014-08-12,-0.009059055714536168
2014-08-13,0.012864584003866092
2014-08-14,0.0052383107333912465
2014-08-15,-0.004480872969260464
2014-08-18,0.010179162789010923
2014-08-19,0.009447667851825912
2014-08-20,-0.0018275289611805901
2014-08-21,0.0017839699535479158
2014-08-22,-0.00223520838012697
2014-08-25,0.0010225975762707356
2014-08-26,0.00647370523843494
2014-08-27,-0.00021440448920017718
2014-08-28,-0.007486592554373908
2014-08-29,0.004195726825225912
2014-09-02,0.006227419807281895
2014-09-03,0.0037887130707320916
2014-09-04,-0.0013963707557206723
2014-09-05,8.914162534320695e-05
2014-09-08,-0.006095871947097613
2014-09-09,-0.0035107196196424674
2014-09-10,-0.0026681844894623987
2014-09-11,0.003073768730125749
2014-09-12,-0.002236305917588665
2014-09-15,-0.0041822320608430105
2014-09-16,0.0016172350950704577
2014-09-17,0.0008368502846248474
2014-09-18,0.013167379653241187
2014-09-19,-0.009703627353766016
2014-09-22,-0.010295891573921129
2014-09-23,-0.007627639853969341
2014-09-24,0.005134265938508056
2014-09-25,-0.013173372635612256
2014-09-26,0.007148311639929947
2014-09-29,-0.0020378686784443263
2014-09-30,-0.00612932027544965
2014-10-01,-0.01594907386730297
2014-10-02,0.003372837897714665
2014-10-03,0.015058900942452276
2014-10-06,-0.008225168401786689
2014-10-07,-0.016991121996916214
2014-10-08,0.01208790592533018
2014-10-09,-0.02200763782684322
2014-10-10,-0.012909057308491963
2014-10-13,-0.016616493168650014
2014-10-14,0.009193435174533228
2014-10-15,-0.006854339600077419
2014-10-16,0.009906465061923926
2014-10-17,0.015210035135485227
2014-10-20,0.005966714219594956
2014-10-21,0.022088446116665328
2014-10-22,-0.00961698946402792
2014-10-23,0.018710264551066454
2014-10-24,0.0012469295253771154
2014-10-27,-0.0007106628051646833
2014-10-28,0.014680649948399018
2014-10-29,-0.00533968993860774
2014-10-30,0.015534713170297035
2014-10-31,0.007520420714745672
2014-11-03,0.005996389308834453
2014-11-04,-0.01622396925076044
2014-11-05,0.011949880548137993
2014-11-06,0.00965789135601635
2014-11-07,0.0008308051932099751
2014-11-10,-0.008775168317534315
2014-11-11,0.008559351172703858
2014-11-12,-0.0033083312099338328
2014-11-13,-0.006065843188740655
2014-11-14,0.00012674797142743732
2014-11-17,0.008817245634356763
2014-11-18,0.00012515763259610645
2014-11-19,-0.002379741520219191
2014-11-20,0.00451218413458045
2014-11-21,0.014604832215689152
2014-11-24,-0.0042072573227478795
2014-11-25,-0.001004758414120089
2014-11-26,-0.0013428732415612767
2014-11-28,0.009466779709323874
2014-12-01,-0.01620605566022807
2014-12-02,0.0056610103673856264
2014-12-03,0.008008994828719827
2014-12-04,-0.004696951664503091
2014-12-05,0.010887053576872299
2014-12-08,-0.013552007525780084
2014-12-09,-0.0011110097641602854
2014-12-10,-0.01857935110459863
2014-12-11,0.014270805962500934
2014-12-12,-0.01947669606635178
2014-12-15,-0.0025921879122896684
2014-12-16,-0.012123513385650604
2014-12-17,0.022323183383374606
2014-12-18,0.016563281425033778
2014-12-19,0.013014671066773679
2014-12-22,-0.0043910408771897745
2014-12-23,0.007140675150521223
2014-12-24,0.002141958470501152
2014-12-26,-0.0011275115920258592
2014-12-29,0.005870923219651373
2014-12-30,0.0007864886583704668
2014-12-31,-0.009955421925244352
2015-01-02,-0.00901631545961737
2015-01-05,-0.007422958096925329
2015-01-06,-0.015913788668445193
2015-01-07,0.017002510774681564
2015-01-08,0.017167113844579893
2015-01-09,-0.016349737678967125
2015-01-12,0.0006383040709659008
2015-01-13,-0.0077071024761072955
2015-01-14,-0.0005188553472978436
2015-01-15,-0.011076066856688015
2015-01-16,0.013718332683198248
2015-01-20,-0.0015003496138483745
2015-01-21,0.006251528422425982
2015-01-22,0.015314174916560267
2015-01-23,-0.003728312198882907
2015-01-26,0.006143869417211555
2015-01-27,-0.012383002047894318
2015-01-28,-0.012272413546682714
2015-01-29,0.00834905817593639
2015-01-30,-0.019750007206282283
2015-02-02,0.019482678206497565
2015-02-03,0.007102392298661841
2015-02-04,-0.0008812321178061798
2015-02-05,0.016494265829120038
2015-02-06,-0.013516310840802261
2015-02-09,0.005438770297814856
2015-02-10,0.0013529965265485448
2015-02-11,0.008636313377592115
2015-02-12,0.007062194347015464
2015-02-13,0.0053767332583609835
2015-02-17,0.00015062071323907302
2015-02-18,0.001416975068276862
2015-02-19,-0.003500337418512089
2015-02-20,0.009677617250331328
2015-02-23,-0.000288632103167147
2015-02-24,0.002242632993205596
2015-02-25,-0.00392886141498974
2015-02-26,0.0011152926984670645
2015-02-27,-0.00533567157537318
2015-03-02,0.010742902212633937
2015-03-03,-0.0062183011059406875
2015-03-04,-0.0053100358115136465
2015-03-05,-0.0009317656116605234
2015-03-06,-0.010233834458016188
2015-03-09,0.007812944347183189
2015-03-10,-0.014404953018420827
2015-03-11,-0.0042015631155247445
2015-03-12,0.013470229943352667
2015-03-13,-0.0008239674478568017
2015-03-16,0.006594681385996481
2015-03-17,0.004672515917880758
2015-03-18,0.005234206778013506
2015-03-19,-0.004056847598384087
2015-03-20,0.009840472454719563
2015-03-23,0.00338845573295035
2015-03-24,-0.012827273878537429
2015-03-25,-0.006425498594626064
2015-03-26,-0.008509539919894421
2015-03-27,0.004546771208152278
2015-03-30,0.018777294140426566
2015-03-31,-0.015236924006483639
2015-04-01,2.61145123097448e-05
2015-04-02,0.008941239761239735
2015-04-06,0.0008605924972288452
2015-04-07,-0.0034938830701582574
2015-04-08,0.0014959968362111696
2015-04-09,0.0116897375896972
2015-04-10,-0.005558684444839561
2015-04-13,-0.0033874324805769538
2015-04-14,0.00915354691764177
2015-04-15,-0.0020159171658534402
2015-04-16,0.006919995408521565
2015-04-17,-0.010970040726762567
2015-04-20,0.0034899052751561836
2015-04-21,0.003919993739654852
2015-04-22,-0.0010785589785146728
2015-04-23,-0.001357855964931628
2015-04-24,0.002883476338850243
2015-04-27,-0.002197312103424766
2015-04-28,0.0019885453049964946
2015-04-29,-0.009023843991292541
2015-04-30,-0.009856718425573887
2015-05-01,0.014330339553492758
2015-05-04,0.003743866411369813
2015-05-05,-0.012080871907004045
2015-05-06,-0.0022790016270025325
2015-05-07,0.000907977117675483
2015-05-08,0.009986929367193427
2015-05-11,-0.009844161801960186
2015-05-12,0.008529347761968375
2015-05-13,-0.0037807706062724152
2015-05-14,0.010597229196381078
2015-05-15,0.0013247865933698436
2015-05-18,-0.004215208599609851
2015-05-19,0.010809740112697714
2015-05-20,-0.004901507881294865
2015-05-21,0.0016417929078057754
2015-05-22,-0.006093454177215652
2015-05-26,-0.015214098965902992
2015-05-27,0.012434618829255202
2015-05-28,-0.0018052962196539839
2015-05-29,-0.0006927479425173572
2015-06-01,0.00017364348151611107
2015-06-02,0.0005062889221993708
2015-06-03,0.0038079759345485396
2015-06-04,-0.010273700027268524
2015-06-05,-0.0021012414709478296
2015-06-08,0.0016619901437031977
2015-06-09,-0.008692429404687976
2015-06-10,0.009519058594237708
2015-06-11,0.008432685817532731
2015-06-12,-0.014208700474872996
2015-06-15,0.0077031288622768
2015-06-16,0.0015663356495552107
2015-06-17,-0.002823730739267117
2015-06-18,0.01087754491484115
2015-06-19,-0.0031593994924849376
2015-06-22,0.006782013847158862
2015-06-23,0.005437385968647173
2015-06-24,-0.017748623354401243
2015-06-25,-0.00124101640510807
2015-06-26,0.0033637099534458183
2015-06-29,-0.022987620727002132
2015-06-30,0.0031585260585350974
2015-07-01,0.001715613815082254
2015-07-02,-0.0013405834314071886
2015-07-06,-0.0008456044807426534
2015-07-07,0.004653534270494077
2015-07-08,-0.025299437661005498
2015-07-09,0.006310186561601789
2015-07-10,0.011024204986536185
2015-07-13,0.015544283729131908
2015-07-14,0.005171346891273848
2015-07-15,-0.0005424010896666726
2015-07-16,0.005671470771834731
2015-07-17,-0.009508063694502508
2015-07-20,0.0026575309993006244
2015-07-21,-0.012925215423450272
2015-07-22,-0.0031265787248943378
2015-07-23,0.0003177415745118195
2015-07-24,-0.010611099919344455
2015-07-27,-0.004021074250289746
2015-07-28,0.008651918140942294
2015-07-29,0.0040600436434139004
2015-07-30,0.009479621297353014
2015-07-31,0.0014811330128463212
2015-08-03,-0.0076318490540890835
2015-08-04,0.0029983350027613168
2015-08-05,0.002519272151037674
2015-08-06,-0.013985481487593005
2015-08-07,0.004622900897756211
2015-08-10,0.014812269521142393
2015-08-11,-0.01164475505413989
2015-08-12,0.007594369471963034
2015-08-13,-0.009951252220862189
2015-08-14,0.013795648635990823
2015-08-17,-0.002346455218475289
2015-08-18,0.004255326437211508
2015-08-19,-0.008585102946200133
2015-08-20,-0.02644460736307685
2015-08-21,-0.022172230853893464
2015-08-24,-0.04483041637946899
2015-08-25,-0.012046492406223207
2015-08-26,0.028834096094294583
2015-08-27,0.032136719569199376
2015-08-28,-0.00040577407820291444
2015-08-31,-0.007042518881523484
2015-09-01,-0.03141372294140234
2015-09-02,0.018812558204005708
2015-09-03,0.0004783178470726306
2015-09-04,-0.013934605909995151
2015-09-08,0.021746861490578404
2015-09-09,-0.007732296226706832
2015-09-10,-0.0020615708372278014
2015-09-11,0.0035645065823360447
2015-09-14,-0.004871257403150173
2015-09-15,0.021226269023624247
2015-09-16,0.0020116301215455084
2015-09-17,0.00779068109793819
2015-09-18,-0.01678098335078
2015-09-21,-0.006026151607100815
2015-09-22,-0.006578085215076366
2015-09-23,-0.013003731093700826
2015-09-24,0.0009496809148699255
2015-09-25,-0.00551177865512225
2015-09-28,-0.01982365034017083
2015-09-29,-0.0051425403000427096
2015-09-30,0.024027813661977572
2015-10-01,-0.006998786917683717
2015-10-02,0.0183356202069734
2015-10-05,0.02446729724895745
2015-10-06,-0.007791481484730764
2015-10-07,0.00797644015836399
2015-10-08,0.010542097203725334
2015-10-09,-0.002781095278457527
2015-10-12,0.004128296907096319
2015-10-13,-0.008931623857984633
2015-10-14,-0.0036128007588575968
2015-10-15,0.010643800985449028
2015-10-16,-0.001955916409468766
2015-10-19,0.004160738451820569
2015-10-20,-0.0052117513789434146
2015-10-21,-0.0035744319582105104
2015-10-22,0.010422269754168611
2015-10-23,0.007916387295453095
2015-10-26,-0.0027942507512638513
2015-10-27,-0.009509153440267752
2015-10-28,0.02011009651531559
2015-10-29,-0.0063346473507766765
2015-10-30,-0.00018513710421567644
2015-11-02,0.011113192186587661
2015-11-03,0.004111225015321566
2015-11-04,-0.0034909314962428676
2015-11-05,-0.002488499054176217
2015-11-06,-0.003285055737522662
2015-11-09,-0.006088002303887794
2015-11-10,0.003683560635054252
2015-11-11,-0.0058379513351454505
2015-11-12,-0.012052054672861063
2015-11-13,-0.018596023586118452
2015-11-16,0.022773419803463566
2015-11-17,-0.0069547128050971895
2015-11-18,0.01889746368234884
2015-11-19,-0.001479174861905894
2015-11-20,0.004118630641040085
2015-11-23,0.0003152115148697511
2015-11-24,-0.0039094026542412464
2015-11-25,0.010611239304144357
2015-11-27,-0.0031321422677425535
2015-11-30,-0.008061697131381586
2015-12-01,0.009039235512935489
2015-12-02,-0.0087257173916017
2015-12-03,-0.018206689746690537
2015-12-04,0.022969923788914295
2015-12-07,-0.009403954034930342
2015-12-08,-0.007534914027224518
2015-12-09,-0.008356920034997634
2015-12-10,-0.0007018859653746094
2015-12-11,-0.01987763629453843
2015-12-14,0.0007815207274256592
2015-12-15,0.0035488307526511838
2015-12-16,0.022351765218709862
2015-12-17,-0.01810967106247992
2015-12-18,-0.011596663348120623
2015-12-21,0.007851920175824683
2015-12-22,0.010365271342437251
2015-12-23,0.015196604395766039
2015-12-24,-0.007866849536401653
2015-12-28,0.0016590464113047424
2015-12-29,0.009391541390261783
2015-12-30,-0.010353610749145125
2015-12-31,-0.0058567317132787
2016-01-04,-0.013826559500838935
2016-01-05,0.0012896625723218702
2016-01-06,-0.016685121772424344
2016-01-07,-0.021330247441212966
2016-01-08,-0.018008624832580443
2016-01-11,-0.007554271436167813
2016-01-12,0.007511732080607845
2016-01-13,-0.02736385032235261
2016-01-14,0.009073854198259044
2016-01-15,-0.015853235508091614
2016-01-19,0.000983759228931819
2016-01-20,-0.01212695385172325
2016-01-21,0.0028689586334621872
2016-01-22,0.024762137831708997
2016-01-25,-0.026635128288539252
2016-01-26,0.026939271735463788
2016-01-27,-0.004115173480935036
2016-01-28,-0.002320765064042134
2016-01-29,0.026565739660788217
2016-02-01,-0.002408147374707405
2016-02-02,-0.01772084349482445
2016-02-03,0.0023990236264337995
2016-02-04,0.007449445215102573
2016-02-05,-0.01351596056108801
2016-02-08,-0.03313425707372021
2016-02-09,0.0010507162363287033
2016-02-10,-0.0011977493677048931
2016-02-11,-0.006739649262418672
2016-02-12,0.01787938708467683
2016-02-16,0.020420873775523866
2016-02-17,0.019690037544622237
2016-02-18,-0.003559462421640555
2016-02-19,-0.0037333861817717157
2016-02-22,0.02576803618522861
2016-02-23,-0.020626114725217463
2016-02-24,0.008103344447690581
2016-02-25,0.0038951083549384315
2016-02-26,0.0169412268810484
2016-02-29,-0.008483969847564457
2016-03-01,0.0189220216569007
2016-03-02,0.008157747805483158
2016-03-03,0.014439159952122263
2016-03-04,-0.004655888746440528
2016-03-07,0.015350067919944381
2016-03-08,-0.013745483684396641
2016-03-09,-0.009391575695590255
2016-03-10,0.0059257094149725515
2016-03-11,0.024115030439951987
2016-03-14,-0.006179510372940789
2016-03-15,-0.0029918538703831844
2016-03-16,0.01455741771427567
2016-03-17,0.005497562458554768
2016-03-18,0.00865944859313467
2016-03-21,-0.013195481250625224
2016-03-22,0.008466089729673195
2016-03-23,-0.013153863917785585
2016-03-24,-0.00779634850281482
2016-03-28,0.004772059908610528
2016-03-29,0.0176157030917822
2016-03-30,0.00010847080332303618
2016-03-31,-0.003657710966057743
2016-04-01,0.012182723867185205
2016-04-04,-0.011131535042146206
2016-04-05,-0.0015599452448919549
2016-04-06,-0.0022591134101956423
2016-04-07,-0.00523902978908191
2016-04-08,0.001198459315933484
2016-04-11,-0.0067656688224671975
2016-04-12,0.022516873809539383
2016-04-13,0.01482800944109593
2016-04-14,-0.010543047238429103
2016-04-15,0.005338763385071935
2016-04-18,0.010295415002400853
2016-04-19,0.0032158827135116536
2016-04-20,-0.004242235391844342
2016-04-21,-0.0012555681262464914
2016-04-22,0.0014372045610042852
2016-04-25,-0.005684572687654392
2016-04-26,0.0075124380783414425
2016-04-27,-6.691455008973196e-05
2016-04-28,-0.011813163802252797
2016-04-29,-0.0034730361395920112
2016-05-02,0.0056107734404807035
2016-05-03,-0.003112789005038246
2016-05-04,-0.01105032985552521
2016-05-05,-0.01008727136963844
2016-05-06,0.007118291571034108
2016-05-09,0.0013601866057977253
2016-05-10,0.007923123572281993
2016-05-11,-0.006347925964217942
2016-05-12,-0.004650098459927218
2016-05-13,-0.0065996904223036305
2016-05-16,0.007488754715925286
2016-05-17,-0.005775546334108239
2016-05-18,0.0031066094758965285
2016-05-19,-0.004152291884415167
2016-05-20,0.0036724949064507227
2016-05-23,-0.0037088494184369858
2016-05-24,0.02350281649134002
2016-05-25,0.0012882753091144339
2016-05-26,0.009836969779356313
2016-05-27,-0.0031585863922795198
2016-05-31,0.0058731901930776445
2016-06-01,0.001850869836488204
2016-06-02,0.006576295833515294
2016-06-03,-0.0007942972873643984
2016-06-06,0.0023703438869774876
2016-06-07,0.0030227535013444802
2016-06-08,0.006145878869002053
2016-06-09,-0.00014198796403980078
2016-06-10,-0.021308494350283792
2016-06-13,0.0005992677499494304
2016-06-14,-0.004174648567436904
2016-06-15,0.0011202664087310485
2016-06-16,0.0003200048377867117
2016-06-17,-0.0004414369867842866
2016-06-20,0.00419744838089811
2016-06-21,0.0007272042111700529
2016-06-22,-0.005013021597210582
2016-06-23,0.015614927481492367
2016-06-24,-0.043339616307375387
2016-06-27,-0.02591522245835931
2016-06-28,0.024317227505372074
2016-06-29,0.016736871457124942
2016-06-30,0.014685556438442571
2016-07-01,0.00926186957652866
2016-07-05,-0.016516933521921802
2016-07-06,0.0008356601573217179
2016-07-07,0.008613409510917132
2016-07-08,0.020222325250686263
2016-07-11,0.003958097354189898
2016-07-12,0.008624033309044044
2016-07-13,-0.002907796352902567
2016-07-14,0.008162390709171689
2016-07-15,-0.0007415965190512388
2016-07-18,0.0022721216210292916
2016-07-19,-0.008097445959564934
2016-07-20,0.010262172980102208
2016-07-21,-0.0037480982233925497
2016-07-22,0.006372034115729799
2016-07-25,-0.0009616151643402696
2016-07-26,0.0048537551923108395
2016-07-27,-0.003527347398079174
2016-07-28,0.0016620203505621006
2016-07-29,0.0013829072337615974
2016-08-01,-0.010185940250210319
2016-08-02,-0.005560623949266258
2016-08-03,0.010651549440544389
2016-08-04,0.0013813567752835104
2016-08-05,0.00029606337843303236
2016-08-08,0.004469145424401205
2016-08-09,0.0029360426580233613
2016-08-10,-0.007734320173777391
2016-08-11,0.010320640923169287
2016-08-12,-0.010613503264512563
2016-08-15,0.011434119410194375
2016-08-16,-0.011611181856385832
2016-08-17,0.0028112472217340844
2016-08-18,0.0033419838373606806
2016-08-19,0.005232336114367543
2016-08-22,-0.0004739215324988538
2016-08-23,0.004130657404914759
2016-08-24,-0.007281016296828572
2016-08-25,0.004835343959656487
2016-08-26,-0.009596033205090405
2016-08-29,0.006114297682621882
2016-08-30,0.004746948574487357
2016-08-31,-0.0082003456200887
2016-09-01,-0.0030172380387864547
2016-09-02,0.012464538361904596
2016-09-06,0.0012565499459960194
2016-09-07,0.0030647302572238133
2016-09-08,-0.007859476517605072
2016-09-09,-0.03170636933854812
2016-09-12,0.014452687852169082
2016-09-13,-0.018503864616921526
2016-09-14,-0.001839427397185053
2016-09-15,0.010879934506977912
2016-09-16,0.004767670527479591
2016-09-19,-0.0035148840295933822
2016-09-20,0.0028180294756904103
2016-09-21,0.013419013581839114
2016-09-22,0.0016791533436798759
2016-09-23,-0.0015416334549911538
2016-09-26,-0.0026629447190113908
2016-09-27,-0.0017307982477012059
2016-09-28,0.013352706495685486
2016-09-29,-0.009352802519300072
2016-09-30,0.004548952225884207
2016-10-03,-0.0095289725181124
2016-10-04,-0.0065342668732610455
2016-10-05,0.014544704556259887
2016-10-06,-0.0036160003420421757
2016-10-07,-0.0007511490700325696
2016-10-10,-0.0016535876770425785
2016-10-11,-0.012274125137304246
2016-10-12,0.005266784676817911
2016-10-13,-0.0060183758880376775
2016-10-14,-0.0007688378687747512
2016-10-17,-0.005993819045917514
2016-10-18,0.011352665828316554
2016-10-19,0.003109871972884484
2016-10-20,-0.002090627263122199
2016-10-21,-0.0013985892214687943
2016-10-24,0.005652266218667069
2016-10-25,-0.012074403445253162
2016-10-26,0.001634309637452232
2016-10-27,-0.008111863371988534
2016-10-28,0.000776001462554773
2016-10-31,0.0023756816628863102
2016-11-01,-0.009163152704656093
2016-11-02,-0.01589936289337286
2016-11-03,0.006297762890756765
2016-11-04,-0.0007350736748224108
2016-11-07,0.021200100776920576
2016-11-08,0.0037851683601719047
2016-11-09,0.012299313212256436
2016-11-10,0.006787611361377229
2016-11-11,0.005053731935752493
2016-11-14,0.007875757801164146
2016-11-15,0.00592024705345517
2016-11-16,-0.0011273640283326497
2016-11-17,-0.0023318158414971086
2016-11-18,0.007212740025873432
2016-11-21,0.007020870619962101
2016-11-22,-0.005088714810260134
2016-11-23,0.008351048320752445
2016-11-25,-0.0008124037718603185
2016-11-28,0.0026052111808394923
2016-11-29,-0.013056178908481868
2016-11-30,0.00375084811673006
2016-12-01,-0.0072195894211515245
2016-12-02,-0.002719567019330976
2016-12-05,0.017352154568655666
2016-12-06,0.011667779096232261
2016-12-07,0.0047064015887996824
2016-12-08,0.0059932811702592325
2016-12-09,-0.003171968681729098
2016-12-12,0.004477830997821394
2016-12-13,-0.005446016104935109
2016-12-14,0.0005422561886566806
2016-12-15,0.00018457471857361604
2016-12-16,-0.0023933236269900945
2016-12-19,0.006593435929699258
2016-12-20,0.004185155659759326
2016-12-21,-0.0027474105354792586
2016-12-22,-0.007426914037610995
2016-12-23,-0.005139193220810098
2016-12-27,0.012539169629102913
2016-12-28,-0.018951456260086798
2016-12-29,0.00564859471401292
2016-12-30,-0.001264944565264436
2017-01-03,0.010512671418883792
2017-01-04,0.010948623895855627
2017-01-05,-0.0041191447748511285
2017-01-06,0.002355810847982528
2017-01-09,-0.005912122147493835
2017-01-10,0.000858185118296235
2017-01-11,-0.0008989894137590648
2017-01-12,-0.003422533230118098
2017-01-13,0.010395445157953515
2017-01-17,-0.001363372634814145
2017-01-18,0.0013209483490676608
2017-01-19,-0.00513073798910519
2017-01-20,0.0036594726097650284
2017-01-23,-0.0026676655451297005
2017-01-24,0.013231872725677177
2017-01-25,0.006810539424521703
2017-01-26,-0.0027282080332221206
2017-01-27,-0.002549300065904711
2017-01-30,-0.007204561104409429
2017-01-31,-0.006381427492985549
2017-02-01,-0.0022951318381332873
2017-02-02,0.00935754715712519
2017-02-03,0.008332356413956203
2017-02-06,-0.0024541105437301475
2017-02-07,-0.0010643459498068193
2017-02-08,0.0020936260895712605
2017-02-09,0.002092227215179664
2017-02-10,0.012374366334184466
2017-02-13,0.006525436782425309
2017-02-14,0.00019869092601380216
2017-02-15,0.00485641748876286
2017-02-16,-0.0034626191264915908
2017-02-17,0.002283308113009506
2017-02-21,-0.0019840811513041345
2017-02-22,-0.0025604520575435693
2017-02-23,-0.0038145720875366967
2017-02-24,0.0035220478002824223
2017-02-27,0.007571149303876322
2017-02-28,-0.0049458802824921665
2017-03-01,0.0106574793798858
2017-03-02,-0.012182377739839625
2017-03-03,0.004724635793792706
2017-03-06,-0.00020587898527403168
2017-03-07,-0.013798385133016636
2017-03-08,0.0022350320789449206
2017-03-09,-0.007257456350778117
2017-03-10,0.009271682263102415
2017-03-13,0.0069112107076463375
2017-03-14,-0.008490136557974978
2017-03-15,0.016586866233718182
2017-03-16,-0.0037056024835364692
2017-03-17,-0.00719259618468359
2017-03-20,0.004307086430214721
2017-03-21,-0.015655981091403433
2017-03-22,0.0024033606034856176
2017-03-23,-0.0005031331328109409
2017-03-24,-0.0017722040363148239
2017-03-27,0.0016757563584704693
2017-03-28,0.0075929407843438445
2017-03-29,0.0031648466480057144
2017-03-30,0.0019437648247851123
2017-03-31,-0.0005965094738240603
2017-04-03,-0.004813389311281989
2017-04-04,-0.005246598592931091
2017-04-05,-0.004452929750713983
2017-04-06,0.0123777831123354
2017-04-07,-0.0014314340918748923
2017-04-10,-0.007354421870775889
2017-04-11,0.005903506469930612
2017-04-12,-0.012450332329661817
2017-04-13,-0.007785509929532112
2017-04-17,0.010349800487197967
2017-04-18,0.0061077204758619354
2017-04-19,-0.012014256687602398
2017-04-20,0.012335678590769256
2017-04-21,-0.00324081017372398
2017-04-24,0.01913243408084169
2017-04-25,0.004132973898651633
2017-04-26,-0.006039595791632719
2017-04-27,0.0006211984739350339
2017-04-28,0.0033718160395462817
2017-05-01,0.0004040441851801622
2017-05-02,0.001340201149673707
2017-05-03,-0.0042256000944308845
2017-05-04,0.000797885200495708
2017-05-05,-0.0020300761035097654
2017-05-08,0.006314464936260682
2017-05-09,-9.158000719882158e-05
2017-05-10,0.001892849811960204
2017-05-11,-0.011862607484353735
2017-05-12,-0.004621317683468606
2017-05-15,0.013684273331806976
2017-05-16,-0.0018449745458155881
2017-05-17,-0.017921869570415756
2017-05-18,0.0019199403967071244
2017-05-19,0.00627192513905212
2017-05-22,0.008598844067528845
2017-05-23,-0.002011015720008051
2017-05-24,-0.002073791738778711
2017-05-25,0.010273082757032018
2017-05-26,-0.0029794733069312745
2017-05-30,0.0005249967235607996
2017-05-31,0.0016373727865087626
2017-06-01,0.007809275116097293
2017-06-02,0.004137838730906127
2017-06-05,-0.005762979640890861
2017-06-06,-0.003664382744904104
2017-06-07,0.0038142619640193593
2017-06-08,0.0023467941872578205
2017-06-09,0.0018424174534304766
2017-06-12,-0.002207900138792969
2017-06-13,0.006282384358481052
2017-06-14,0.0008868037926335068
2017-06-15,-0.010134414782407574
2017-06-16,0.003976037306966313
2017-06-19,0.007306457428428392
2017-06-20,-0.012085974437827152
2017-06-21,-0.008546811026380089
2017-06-22,0.013671588705028919
2017-06-23,-0.0002739598095687179
2017-06-26,0.002875137979830269
2017-06-27,-0.007744943902424983
2017-06-28,0.014119941496110237
2017-06-29,-0.012702384808369886
2017-06-30,0.004789403837971523
2017-07-03,-0.005527324706297418
2017-07-05,0.0029158725670593282
2017-07-06,-0.008961033964475411
2017-07-07,0.009292643409034915
2017-07-10,0.0025255192384596274
2017-07-11,-0.005573062434648663
2017-07-12,0.01038939126546243
2017-07-13,-0.0035772687086401784
2017-07-14,0.0031603565503561066
2017-07-17,0.0018676818546600037
2017-07-18,0.0068472742944870706
2017-07-19,-0.00017791466202689656
2017-07-20,0.0062238112742125035
2017-07-21,-0.0042317253484191195
2017-07-24,-0.0004316172227373373
2017-07-25,0.007846424022065628
2017-07-26,-0.006000758938208632
2017-07-27,-0.00484277573751753
2017-07-28,-0.0009849745271298183
2017-07-31,-0.005412639821502984
2017-08-01,0.007589539885441001
2017-08-02,-0.0037659888878688865
2017-08-03,0.001710576699712926
2017-08-04,0.0030885566598709184
2017-08-07,0.003491957652061839
2017-08-08,-0.011763937116078139
2017-08-09,0.0061689941990369325
2017-08-10,-0.015249087959415231
2017-08-11,-0.0037112016611432347
2017-08-14,0.014798145367043132
2017-08-15,-0.0032207814734296868
2017-08-16,-0.005266809424708343
2017-08-17,-0.011870611101079532
2017-08-18,-0.005956615296212858
2017-08-21,0.00401657753934629
2017-08-22,0.009051753146281078
2017-08-23,0.002696882613109814
2017-08-24,-0.005008299846092866
2017-08-25,0.0033509421629982095
2017-08-28,0.002633181676119058
2017-08-29,-0.0014563215782565802
2017-08-30,-0.0018468152954252519
2017-08-31,0.01335287099384997
2017-09-01,0.004472924702019503
2017-09-05,-0.009511429887667514
2017-09-06,0.009114782726994994
2017-09-07,-0.004759397558452085
2017-09-08,0.004359537982668552
2017-09-11,0.009288839683809086
2017-09-12,0.005923829847945974
2017-09-13,-0.00176714404685914
2017-09-14,-0.004062162702987527
2017-09-15,-0.0018176567515353194
2017-09-18,0.009532540376205793
2017-09-19,-0.001135132796948173
2017-09-20,0.0013774069336382328
2017-09-21,-0.00279851429583818
2017-09-22,0.0032051809319004632
2017-09-25,-0.0006698896391841258
2017-09-26,-0.0022690633872322332
2017-09-27,0.0053911017906943986
2017-09-28,-0.0034983911950311666
2017-09-29,0.003960239584233041
2017-10-02,0.005540199213823548
2017-10-03,0.011372235812642132
2017-10-04,-0.00736809116397451
2017-10-05,0.003968050699101453
2017-10-06,0.008048569640129823
2017-10-09,-0.012899409964665199
2017-10-10,0.005910143475073459
2017-10-11,0.00016779921239418763
2017-10-12,0.00016746143662203756
2017-10-13,0.0013219000397867076
2017-10-16,-6.026543686857714e-05
2017-10-17,-0.0007383479846288729
2017-10-18,0.0016782158441149015
2017-10-19,0.0012626220091210075
2017-10-20,0.006371631337073499
2017-10-23,-0.0035136538732256405
2017-10-24,0.001561782034508061
2017-10-25,-0.007230196924284976
2017-10-26,0.0026790578882897463
2017-10-27,0.002184000327946031
2017-10-30,-0.005090620340219918
2017-10-31,0.002095872052465782
2017-11-01,-0.0019001715375755576
2017-11-02,0.00025543043387769333
2017-11-03,0.0022905001460959374
2017-11-06,0.0030242221598253648
2017-11-07,-0.008544788159197634
2017-11-08,0.003316971652226851
2017-11-09,-0.0032015502568095468
2017-11-10,0.0019586151794809825
2017-11-13,0.0016119211095298358
2017-11-14,-0.0011446594929355497
2017-11-15,0.0003900408722481304
2017-11-16,0.019097471420242776
2017-11-17,0.0024890731574446832
2017-11-20,-0.007653918843552144
2017-11-21,0.004095662533018957
2017-11-22,-0.000529512095060559
2017-11-24,0.001614747460340695
2017-11-27,-0.0013001898518034734
2017-11-28,0.020739928755874503
2017-11-29,0.0036480395882916832
2017-11-30,0.007434993854274973
2017-12-01,-0.002958425498082223
2017-12-04,-0.00916457615838447
2017-12-05,0.0033008487174116625
2017-12-06,-0.002103156423979874
2017-12-07,0.004754107315682463
2017-12-08,-0.004135316606278944
2017-12-11,0.011460706098183022
2017-12-12,-0.0014382943925692975
2017-12-13,-0.00020320524993180995
2017-12-14,-0.006074219054996105
2017-12-15,0.009135457343453997
2017-12-18,0.00785503847246227
2017-12-19,-0.012736545686666725
2017-12-20,0.010209305485564662
2017-12-21,0.002460846927796904
2017-12-22,0.00010998426532302097
2017-12-26,-0.008594595312503577
2017-12-27,0.010032301155506565
2017-12-28,0.0026081433299124782
2017-12-29,-0.005173087980468826
2018-01-02,0.0047659559271900805
2018-01-03,0.004858517590169069
2018-01-04,0.0027383736773073245
2018-01-05,0.00507289362042941
2018-01-08,0.0036833205366152578
2018-01-09,0.001066328146734167
2018-01-10,-0.003061792638677389
2018-01-11,0.010464688611495397
2018-01-12,0.0041892692475838334
2018-01-16,-0.006417409844334731
2018-01-17,0.008831277661198065
2018-01-18,-0.0025233008936357782
2018-01-19,0.007668933532814998
2018-01-22,0.00572938795836587
2018-01-23,0.004186571752895777
2018-01-24,-0.0009349370655358446
2018-01-25,-0.00032043506667582067
2018-01-26,0.00880590239746044
2018-01-29,-0.007058011733143646
2018-01-30,-0.01048181658755842
2018-01-31,-0.0010186103255801786
2018-02-01,-0.0018610475204648784
2018-02-02,-0.020434402216653172
2018-02-05,-0.03612370111753834
2018-02-06,0.012151552712389862
2018-02-07,-0.0015561602534039265
2018-02-08,-0.03516537101195502
2018-02-09,0.012119569636346071
2018-02-12,0.01237036758186819
2018-02-13,0.003237310377036148
2018-02-14,0.016191210207672523
2018-02-15,0.01026716466389864
2018-02-16,0.0011869093320329188
2018-02-20,-0.001079817369175787
2018-02-21,-0.010859532452079181
2018-02-22,0.00018524630075393323
2018-02-23,0.01973808193585863
2018-02-26,0.0010809572632170432
2018-02-27,-0.012906915889335752
2018-02-28,-0.00981063161646668
2018-03-01,-0.00866559939122797
2018-03-02,0.007599169694024601
2018-03-05,0.010696312045123214
2018-03-06,0.007308734167321479
2018-03-07,0.00016227011613930027
2018-03-08,0.002635647936025524
2018-03-09,0.01487262487028644
2018-03-12,-0.0005573359068104121
2018-03-13,-0.0040923922283099155
2018-03-14,-0.006081164111849725
2018-03-15,-0.0027256158993827417
2018-03-16,0.005155226492086468
2018-03-19,-0.011040966851223874
2018-03-20,0.0011619017403176521
2018-03-21,0.0006711445848276877
2018-03-22,-0.0232030318516009
2018-03-23,-0.01855050434781068
2018-03-26,0.022173305270763385
2018-03-27,-0.013184344126149036
2018-03-28,-0.0018785667916352612
2018-03-29,0.012804114365538403
2018-04-02,-0.021905029821298203
2018-04-03,0.01200452449309308
2018-04-04,0.01087493823752695
2018-04-05,0.007142297679514296
2018-04-06,-0.021112557956557733
2018-04-09,0.0010880737212201957
2018-04-10,0.014594969176698256
2018-04-11,-0.0035699016003961376
2018-04-12,0.005875214783357438
2018-04-13,-0.0031678308927564807
2018-04-16,0.009559026714213305
2018-04-17,0.008877831755232407
2018-04-18,0.0027702586369587204
2018-04-19,-0.007008352059926509
2018-04-20,-0.0075134200292434694
2018-04-23,0.0006592573356210622
2018-04-24,-0.01007280569682033
2018-04-25,0.0008944268265139053
2018-04-26,0.006863031933794212
2018-04-27,0.002610487801655623
2018-04-30,-0.009295876542657075
2018-05-01,3.570603765809324e-05
2018-05-02,-0.00671062137235429
2018-05-03,-0.0033579769638776777
2018-05-04,0.011595147633982273
2018-05-07,0.0031835584115311897
2018-05-08,0.00011311758464339103
2018-05-09,0.0077408373248777735
2018-05-10,0.008124281568476163
2018-05-11,0.0005360346776204104
2018-05-14,-5.4647263761932414e-05
2018-05-15,-0.004721342619203093
2018-05-16,0.006155303504527469
2018-05-17,0.0028628906634929254
2018-05-18,-0.0016137700094829232
2018-05-21,0.007029316648350993
2018-05-22,-0.00631546728968992
2018-05-23,0.0014424180677078294
2018-05-24,0.001584056443703036
2018-05-25,-0.000744722981606463
2018-05-29,-0.009176815907594869
2018-05-30,0.012521360710189193
2018-05-31,-0.009359236515897864
2018-06-01,0.009223201746486033
2018-06-04,0.003820492789721432
2018-06-05,0.0009690236616482935
2018-06-06,0.008239329527387639
2018-06-07,-0.0005646515994498743
2018-06-08,0.005183717362703144
2018-06-11,0.00280854902507338
2018-06-12,0.003934273436099658
2018-06-13,-0.005388795577693971
2018-06-14,0.002828459104376504
2018-06-15,-0.0003758894436093599
2018-06-18,0.00018531348195730847
2018-06-19,-0.0042209297228755025
2018-06-20,0.0032489186475865
2018-06-21,-0.006115573454180926
2018-06-22,0.0015623076057067762
2018-06-25,-0.011864382604562743
2018-06-26,0.001642711828891537
2018-06-27,-0.010972679381882598
2018-06-28,0.0038471487643483
2018-06-29,0.0011008116244232194
2018-07-02,0.0016038974408449712
2018-07-03,-0.0016666190833461451
2018-07-05,0.008375605223233905
2018-07-06,0.008011770052675175
2018-07-09,0.00879759079770731
2018-07-10,0.002103519047151248
2018-07-11,-0.00819215302475356
2018-07-12,0.005153518852196693
2018-07-13,0.0007312538260185492
2018-07-16,-0.003352810510640938
2018-07-17,0.0038232837483927404
2018-07-18,0.0030173165784064277
2018-07-19,-6.831077710313263e-05
2018-07-20,-0.003553071132379865
2018-07-23,0.00029689706993588994
2018-07-24,-0.0020539241048125015
2018-07-25,0.007669383504139088
2018-07-26,0.003406290790666023
2018-07-27,-0.008690953165111478
2018-07-30,-0.004504551645313942
2018-07-31,0.008033712528720096
2018-08-01,-0.005013293034256368
2018-08-02,0.005928656157257076
2018-08-03,0.004167222340174473
2018-08-06,0.003365377371051646
2018-08-07,0.002370408987786516
2018-08-08,-0.002200064995572029
2018-08-09,-0.0002659532340390236
2018-08-10,-0.007317120619924235
2018-08-13,-0.005331909045497454
2018-08-14,0.00789723830143897
2018-08-15,-0.008301275069605946
2018-08-16,0.007740451664620602
2018-08-17,0.0046091731392469415
2018-08-20,0.005089942101063364
2018-08-21,0.004331826257239347
2018-08-22,-0.0017398256746694641
2018-08-23,-0.0018957232769203497
2018-08-24,0.005267812478643114
2018-08-27,0.005448967816996294
2018-08-28,0.00021131737659547294
2018-08-29,0.0037758928429471135
2018-08-30,-0.006591909494165676
2018-08-31,0.0010797000303391163
2018-09-04,-0.0017989142807706131
2018-09-05,-0.0006896669372573651
2018-09-06,-0.0030089791576069216
2018-09-07,-0.0032182415315950424
2018-09-10,0.004104866202167545
2018-09-11,0.0006405588604442964
2018-09-12,0.002820639212292066
2018-09-13,0.004308330618915325
2018-09-14,0.0018639383044939185
2018-09-17,-0.004870696418730376
2018-09-18,0.005072677033589882
2018-09-19,-0.0005373394528245521
2018-09-20,0.006842554290309267
2018-09-21,0.0005338767568134606
2018-09-24,-0.00809300711348207
2018-09-25,-0.0020369887514145057
2018-09-26,-0.004645023376469833
2018-09-27,0.00034164590836596774
2018-09-28,0.0013507494259751137
2018-10-01,-0.0009000287557556523
2018-10-02,-0.002527331617019758
2018-10-03,0.00015463396534981912
2018-10-04,-0.010065326005812517
2018-10-05,-0.006020280800540265
2018-10-08,0.00045351863837117664
2018-10-09,-0.005669541021180145
2018-10-10,-0.029826017627646195
2018-10-11,-0.02018120430353819
2018-10-12,0.009094975294395104
2018-10-15,-7.90615384748083e-05
2018-10-16,0.02081564567362398
2018-10-17,-0.0027849770006063935
2018-10-18,-0.01446090023331625
2018-10-19,-0.00421767863450901
2018-10-22,-0.005003321797583086
2018-10-23,-0.00674055151041384
2018-10-24,-0.029068718861219152
2018-10-25,0.014163655729694219
2018-10-26,-0.015511517198173216
2018-10-29,-0.002632672801884223
2018-10-30,0.02030353110347638
2018-10-31,0.00819935356406537
2018-11-01,0.01691758423694316
2018-11-02,-0.0034472030109033774
2018-11-05,0.005522344202734655
2018-11-06,0.0070678182173094135
2018-11-07,0.015287434114996317
2018-11-08,-0.002658947730318837
2018-11-09,-0.009986379177314566
2018-11-12,-0.016662379456611767
2018-11-13,-0.0001778089723102308
2018-11-14,-0.006508321671338505
2018-11-15,0.007763268355050092
2018-11-16,0.0028081751269761123
2018-11-19,-0.016334782968206032
2018-11-20,-0.017676335895914094
2018-11-21,0.008953939954977105
2018-11-23,-0.0028664336156572715
2018-11-26,0.014920603974852786
2018-11-27,-0.0014529457084338593
2018-11-28,0.01980501945084588
2018-11-29,-0.002308633774651472
2018-11-30,0.005347973413407359
2018-12-03,0.010210176017526643
2018-12-04,-0.033656038576010516
2018-12-06,-0.002154286154594212
2018-12-07,-0.02206699484990741
2018-12-10,-0.003021966984351988
2018-12-11,-0.0021505283798574186
2018-12-12,0.0059679577690204865
2018-12-13,-0.0060909386544036465
2018-12-14,-0.015375332995019295
2018-12-17,-0.023212450870345833
2018-12-18,0.000449505958682659
2018-12-19,-0.016011978018772292
2018-12-20,-0.017644509989174943
2018-12-21,-0.01902539217194528
2018-12-24,-0.025956172371952253
2018-12-26,0.04579477026697476
2018-12-27,0.0075900602381411535
2018-12-28,-0.001403843661059061
2018-12-31,0.007842889890557266
2019-01-02,0.0006781777767449013
2019-01-03,-0.019452198814172754
2019-01-04,0.033695115361187564
2019-01-07,0.011587519007185909
2019-01-08,0.012005087510892581
2019-01-09,0.008457927807086818
2019-01-10,0.005245508247244651
2019-01-11,0.0010899560996491104
2019-01-14,-0.005856795931229627
2019-01-15,0.0067782858764123405
2019-01-16,0.003545638806319933
2019-01-17,0.008239358270103792
2019-01-18,0.014765679153209775
2019-01-22,-0.014527526445325399
2019-01-23,-0.0003723132284128775
2019-01-24,0.0074663815633855355
2019-01-25,0.010928813460602472
2019-01-28,-0.004854769616509557
2019-01-29,0.0002688248833796023
2019-01-30,0.011409787300830365
2019-01-31,0.007159420083453012
2019-02-01,0.003098949282170513
2019-02-04,0.005972657137510175
2019-02-05,0.004512268074533571
2019-02-06,0.00028057057606851744
2019-02-07,-0.006359539883124156
2019-02-08,0.001326165110453149
2019-02-11,0.0038374058405678223
2019-02-12,0.011593184476415844
2019-02-13,0.00461514239328509
2019-02-14,-0.002096923172726634
2019-02-15,0.010849293904293029
2019-02-19,0.0025839312951695327
2019-02-20,0.002764879534932742
2019-02-21,-0.002823400155200273
2019-02-22,0.005910526040559959
2019-02-25,0.00029308818862708297
2019-02-26,-0.0025634091544362073
2019-02-27,0.000885277090048097
2019-02-28,-0.0026735475025965088
2019-03-01,0.006729340038825756
2019-03-04,-0.005520843522944208
2019-03-05,-0.0023971127349137217
2019-03-06,-0.009171389767064931
2019-03-07,-0.007756252993239153
2019-03-08,-0.0031098576171627963
2019-03-11,0.014099980419618158
2019-03-12,0.0025808558108781
2019-03-13,0.005764025516462025
2019-03-14,-0.0014099655558563677
2019-03-15,0.0026236461072198305
2019-03-18,0.0048562614131761475
2019-03-19,-0.0024825259389794577
2019-03-20,-0.006946437284848629
2019-03-21,0.013137041658120817
2019-03-22,-0.022492926493570105
2019-03-25,0.0003364620562977069
2019-03-26,0.007887087583307199
2019-03-27,-0.0028524185286353857
2019-03-28,0.006271465835305098
2019-03-29,0.005994171489244443
2019-04-01,0.01285170514573589
2019-04-02,-0.0018575782009676743
2019-04-03,0.004437269564856954
2019-04-04,0.0037219126403955395
2019-04-05,0.006247296768782655
2019-04-08,0.000326682625750497
2019-04-09,-0.009821042815071285
2019-04-10,0.0063841039613164
2019-04-11,0.0012588965905286418
2019-04-12,0.007410286547506899
2019-04-15,-0.002363397096765519
2019-04-16,-0.0008106579882724021
2019-04-17,-0.0058948395142787244
2019-04-18,0.001758477029248548
2019-04-22,-0.0031221651004817745
2019-04-23,0.009883300081932417
2019-04-24,0.00027424025907578755
2019-04-25,-0.0063764576221167855
2019-04-26,0.00693850875334524
2019-04-29,0.00032353099128849957
2019-04-30,0.0018748185701006955
2019-05-01,-0.009885947029580955
2019-05-02,0.0005436151082273542
2019-05-03,0.010487941911036941
2019-05-06,-0.004382696929370211
2019-05-07,-0.016791687712123415
2019-05-08,-0.0018642046483046343
2019-05-09,-0.00112917717111586
2019-05-10,0.003317045730015355
2019-05-13,-0.026674270447824156
2019-05-14,0.009846084009088131
2019-05-15,0.003783502321506191
2019-05-16,0.006122867879251264
2019-05-17,-0.008351016066483133
2019-05-20,-0.006382932396261141
2019-05-21,0.011091238668857493
2019-05-22,-0.006383229046416009
2019-05-23,-0.01424475565439017
2019-05-24,0.002202226678616981
2019-05-28,-0.01009680770123751
2019-05-29,-0.008124206277673381
2019-05-30,0.00012232737283049836
2019-05-31,-0.011395243622765294
2019-06-03,0.006411853014642387
2019-06-04,0.02362006893733242
2019-06-05,0.005132561675217227
2019-06-06,0.004179417606328277
2019-06-07,0.0067060983084178925
2019-06-10,0.003573814382452971
2019-06-11,-0.00035475423095154227
2019-06-12,-0.0025977969124753825
2019-06-13,0.007334963124549079
2019-06-14,-0.004448639409822979
2019-06-17,-0.0004659811586429763
2019-06-18,0.010126954464470404
2019-06-19,0.0044635561459422475
2019-06-20,0.009153771804423314
2019-06-21,-0.003204177259471015
2019-06-24,-0.0054317247747120035
2019-06-25,-0.007727312155281208
2019-06-26,-0.001539844622683609
2019-06-27,0.008296966454436075
2019-06-28,0.00977965319565971
2019-07-01,0.0064601000748348925
2019-07-02,-0.0009711633852164347
2019-07-03,0.00913565296084151
2019-07-05,-0.0006863018029009206
2019-07-08,-0.006004911176222517
2019-07-09,-0.0003182600591761278
2019-07-10,0.0013597586310193806
2019-07-11,0.00019351043510023656
2019-07-12,0.00784737907646334
2019-07-15,-0.0017036176811517697
2019-07-16,-0.0011913486358188408
2019-07-17,-0.00869341477147291
2019-07-18,0.0029537589733148123
2019-07-19,-0.003895489890858643
2019-07-22,8.057683159189789e-05
2019-07-23,0.008802215351484762
2019-07-24,0.008364624098535974
2019-07-25,-0.007867769079211256
2019-07-26,0.0055585392563828225
2019-07-29,-0.0035749003712697252
2019-07-30,0.0027561462109638862
2019-07-31,-0.008728833947056588
2019-08-01,-0.014698365712953115
2019-08-02,-0.008941518601136202
2019-08-05,-0.02987080129968412
2019-08-06,0.011932530113210379
2019-08-07,0.0016531972394850263
2019-08-08,0.018419619608222894
2019-08-09,-0.011523129457614719
2019-08-12,-0.014767741078260777
2019-08-13,0.012347452790469324
2019-08-14,-0.03212674768398621
2019-08-15,-0.001770023986698797
2019-08-16,0.017880343788080476
2019-08-19,0.012127765485286292
2019-08-20,-0.007966680496531129
2019-08-21,0.00826082512867266
2019-08-22,0.0009469107911820624
2019-08-23,-0.028337659724520476
2019-08-26,0.008794800840544386
2019-08-27,-0.00750411279373642
2019-08-28,0.008728152898404614
2019-08-29,0.01353787404387377
2019-08-30,0.0011943508698364993
2019-09-03,-0.009369857508800213
2019-09-04,0.012780468262758683
2019-09-05,0.014708354402044928
2019-09-06,0.0009004280021654068
2019-09-09,0.00803371993653721
2019-09-10,0.005457160275377747
2019-09-11,0.009298316219952987
2019-09-12,-0.0003694912225135806
2019-09-13,0.0006330102382690543
2019-09-16,0.002100488362212641
2019-09-17,0.000160185054561453
2019-09-18,-0.001888820985570749
2019-09-19,-0.0027841999447014458
2019-09-20,-0.003440233372808128
2019-09-23,0.0009186565583118646
2019-09-24,-0.010207919334225761
2019-09-25,0.0065879915912539725
2019-09-26,-0.003514651636794771
2019-09-27,-0.005006668029474464
2019-09-30,0.005629592509798392
2019-10-01,-0.016575375148981834
2019-10-02,-0.01919433730899204
2019-10-03,0.0074865906556368985
2019-10-04,0.011440365434518327
2019-10-07,-0.004272874676130838
2019-10-08,-0.018474621990230058
2019-10-09,0.008724179566048637
2019-10-10,0.006235288202890568
2019-10-11,0.015511296466794973
2019-10-14,-0.0027340926544919706
2019-10-15,0.008724972724785427
2019-10-16,-0.002000851436197062
2019-10-17,0.004765908689533234
2019-10-18,-0.002100717160285515
2019-10-21,0.007437547992500883
2019-10-22,-0.000408184194563617
2019-10-23,0.0029287228631341205
2019-10-24,0.0009690030443844789
2019-10-25,0.0037582092586194186
2019-10-28,0.0030000609675451067
2019-10-29,0.0020583435931658635
2019-10-30,-0.0007753091120953669
2019-10-31,-0.007011315197239029
2019-11-01,0.012804369201122608
2019-11-04,0.006195835023469466
2019-11-05,0.0005695009318490839
2019-11-06,-0.0014994410519695908
2019-11-07,0.002510171041274163
2019-11-08,0.002896102346157874
2019-11-11,-0.002047430966994621
2019-11-12,5.239501734456216e-05
2019-11-13,-0.0016345124292261352
2019-11-14,0.0027883876481893752
2019-11-15,0.007859955782881716
2019-11-18,-0.0019496898764519363
2019-11-19,-0.0015069212020253628
2019-11-20,-0.003658156137887906
2019-11-21,-0.0030636819327341325
2019-11-22,0.0044868757959281025
2019-11-25,0.009531363324361324
2019-11-26,0.001116945534024283
2019-11-27,0.0051257393930984815
2019-11-29,-0.00609153166353176
2019-12-02,-0.008758707297129333
2019-12-03,-0.007753724259171051
2019-12-04,0.007690279751961146
2019-12-05,0.001974422386916498
2019-12-06,0.009428864937580345
2019-12-09,-0.0015860553064939152
2019-12-10,-0.0006811461784625094
2019-12-11,0.0014640263294214404
2019-12-12,0.010575588174487194
2019-12-13,-0.0020744710301416466
2019-12-16,0.006311836466522024
2019-12-17,0.0013733121614663984
2019-12-18,0.0012732788445396135
2019-12-19,0.0035709654975025337
2019-12-20,0.005632154950307524
2019-12-23,-5.929597257574273e-06
2019-12-24,-0.00048249946077923297
2019-12-26,0.002494096518475763
2019-12-27,-0.0010023780567462344
2019-12-30,-0.00353813129270625
2019-12-31,0.00436502246974487
2020-01-02,0.0024394387339213854
2020-01-03,-0.005211443844469832
2020-01-06,0.001164679382975687
2020-01-07,-0.0008161800031579796
2020-01-08,0.0029572746637099153
2020-01-09,0.0033387074013697697
2020-01-10,-0.003085755217296101
2020-01-13,0.008070870112269122
2020-01-14,0.0019331163350470595
2020-01-15,0.0014549510051734215
2020-01-16,0.00987616356215276
2020-01-17,0.0011380760280007816
2020-01-21,-0.005224227083120085
2020-01-22,-0.00042976776494553195
2020-01-23,0.0025428383624593706
2020-01-24,-0.011118001881195973
2020-01-27,-0.01671235075506885
2020-01-28,0.008871624621436418
2020-01-29,-0.0034904592648154252
2020-01-30,0.0011315904798347648
2020-01-31,-0.018597124875780236
2020-02-03,0.00739424536819911
2020-02-04,0.014736598297882472
2020-02-05,0.014170211811247016
2020-02-06,-0.000796092931947846
2020-02-07,-0.008715941810126155
2020-02-10,0.004341287616320282
2020-02-11,0.00629825759032645
2020-02-12,0.007480854226496533
2020-02-13,-0.000722241209026569
2020-02-14,0.0005768835266310011
2020-02-18,-0.004151761831153325
2020-02-19,0.004274939521256085
2020-02-20,0.0013979784451192113
2020-02-21,-0.009746484297697838
2020-02-24,-0.031853021021312634
2020-02-25,-0.035407139269696075
2020-02-26,-0.012556167417040435
2020-02-27,-0.0388175689701709
2020-02-28,-0.011469565467911886
2020-03-02,0.03487475945177662
2020-03-03,-0.025665936003071845
2020-03-04,0.036100397091502034
2020-03-05,-0.03877686667184568
2020-03-06,-0.022166610174109785
2020-03-09,-0.10062803093127384
2020-03-10,0.04554546485938982
2020-03-11,-0.062106063458742006
2020-03-12,-0.11383249346930394
2020-03-13,0.08049348410373391
2020-03-16,-0.14066000932217312
2020-03-17,0.04085992680914297
2020-03-18,-0.09331374605123618
2020-03-19,0.029058331348976733
2020-03-20,-0.03979929616348543
2020-03-23,-0.036474950115425044
2020-03-24,0.1106288594068156
2020-03-25,0.03122388010302033
2020-03-26,0.0566443266286059
2020-03-27,-0.03860508396341704
2020-03-30,0.017538014674507548
2020-03-31,-0.01689856769499761
2020-04-01,-0.05844027385710822
2020-04-02,0.009750093381237676
2020-04-03,-0.01925573693492284
2020-04-06,0.08194662681987816
2020-04-07,0.013446732312210602
2020-04-08,0.046980718013322875
2020-04-09,0.02859098440015272
2020-04-13,-0.024010220740983065
2020-04-14,0.023749869310343952
2020-04-15,-0.0384879181865497
2020-04-16,-0.005838349933545255
2020-04-17,0.041969901209568006
2020-04-20,-0.022597846851271145
2020-04-21,-0.03180400695780065
2020-04-22,0.01642246904816401
2020-04-23,0.005979364875456091
2020-04-24,0.01427999627182714
2020-04-27,0.03073896810187472
2020-04-28,0.013978016375078173
2020-04-29,0.0360034685204106
2020-04-30,-0.025309294386941742
2020-05-01,-0.03707984574001835
2020-05-04,0.0007946002665354233
2020-05-05,0.004582530938297057
2020-05-06,-0.0136072433589398
2020-05-07,0.018952461813873077
2020-05-08,0.02927079994593929
2020-05-11,-0.011111401226626676
2020-05-12,-0.02845518933978282
2020-05-13,-0.03305257909155218
2020-05-14,0.01378613924710662
2020-05-15,0.00421527613323613
2020-05-18,0.05602625820619288
2020-05-19,-0.014026138782213649
2020-05-20,0.020202548404466385
2020-05-21,-0.002054090063284374
2020-05-22,0.0005339592412478156
2020-05-26,0.03250672482822556
2020-05-27,0.025353400810395617
2020-05-28,-0.011025425269965375
2020-05-29,-0.0031143361182068606
2020-06-01,0.01360195642525427
2020-06-02,0.012101953612821119
2020-06-03,0.02789105593782818
2020-06-04,0.005854179561087794
2020-06-05,0.035266478720371704
2020-06-08,0.025321210602096682
2020-06-09,-0.025726174594357866
2020-06-10,-0.024652901580569243
2020-06-11,-0.07284303094968643
2020-06-12,0.022080158961353645
2020-06-15,0.011408874464452361
2020-06-16,0.020356250045933062
2020-06-17,-0.011904813640105321
2020-06-18,-0.001394081006430237
2020-06-19,-0.010328498855358418
2020-06-22,0.0012009957020394555
2020-06-23,0.002668346009101207
2020-06-24,-0.03579236949664959
2020-06-25,0.010148659515901295
2020-06-26,-0.024805870812789007
2020-06-29,0.023563920705622837
2020-06-30,0.013700152813271086
2020-07-01,-0.004160422040391944
2020-07-02,0.0062552398861442215
2020-07-06,0.011930473634890982
2020-07-07,-0.017484566709335438
2020-07-08,0.005297164740227391
2020-07-09,-0.017127550367041618
2020-07-10,0.017098942064936104
2020-07-13,-0.006618668492912203
2020-07-14,0.01719724730123186
2020-07-15,0.02537393157187137
2020-07-16,-0.0025258734286485564
2020-07-17,0.0019235670869135503
2020-07-20,-0.006015040049282877
2020-07-21,0.012240022688921808
2020-07-22,0.006287964156892813
2020-07-23,-0.0004925670784753895
2020-07-24,-0.00836832703996944
2020-07-27,0.004541782955586147
2020-07-28,-0.00661175444843121
2020-07-29,0.018000855106584845
2020-07-30,-0.008540189132749388
2020-07-31,-0.0034938128687025693
2020-08-03,0.00582650592293825
2020-08-04,0.005414610807654902
2020-08-05,0.011403322989612684
2020-08-06,-0.0019863802140358397
2020-08-07,0.010402455412088603
2020-08-10,0.01228502731072845
2020-08-11,-0.001811065200242377
2020-08-12,0.006768685887386602
2020-08-13,-0.004461699970703516
2020-08-14,0.0025260866381641217
2020-08-17,-0.00018008914301857406
2020-08-18,-0.00612532738104362
2020-08-19,-0.003523160434259461
2020-08-20,-0.006536941661157061
2020-08-21,-0.003008579505545981
2020-08-24,0.016754909934799566
2020-08-25,-5.297550010493232e-05
2020-08-26,-0.0015916426515381959
2020-08-27,0.005930030042502992
2020-08-28,0.009077356100027745
2020-08-31,-0.008491076036743945
2020-09-01,0.005496005641459995
2020-09-02,0.016171962989240694
2020-09-03,-0.025024015762684544
2020-09-04,-0.001994310164460038
2020-09-08,-0.022642658903866953
2020-09-09,0.013341346080381424
2020-09-10,-0.015370902049747219
2020-09-11,0.003074424154779661
2020-09-14,0.018088471907136493
2020-09-15,0.0011723682847970492
2020-09-16,0.006839568570686718
2020-09-17,-0.005104879306673639
2020-09-18,-0.011168333466482537
2020-09-21,-0.027157709180732702
2020-09-22,0.005244540596184457
2020-09-23,-0.02322049545117478
2020-09-24,0.0010623628693010975
2020-09-25,0.012972866785641642
2020-09-28,0.020063026135641444
2020-09-29,-0.008500342010547042
2020-09-30,0.005904540729618329
2020-10-01,0.0053168607272922035
2020-10-02,0.005179974986899872
2020-10-05,0.01997160290902937
2020-10-06,-0.009936988558859612
2020-10-07,0.018969410850050234
2020-10-08,0.014726175112162275
2020-10-09,0.0010435349831167807
2020-10-12,0.006864892213792297
2020-10-13,-0.010006802898583987
2020-10-14,-0.0021720171751696896
2020-10-15,0.005375791106953036
2020-10-16,-0.00191534647010025
2020-10-19,-0.012539984789435287
2020-10-20,0.00722092799492985
2020-10-21,-0.0038563514585977527
2020-10-22,0.013095272387892636
2020-10-23,0.005580721538093189
2020-10-26,-0.024287626800704083
2020-10-27,-0.013247199084444973
2020-10-28,-0.03244903163176666
2020-10-29,0.011408426635866076
2020-10-30,-0.006202334104099205
2020-11-02,0.021596299890395736
2020-11-03,0.02145206340015257
2020-11-04,0.00021189528249425805
2020-11-05,0.022389755775058737
2020-11-06,-0.003666362991080205
2020-11-09,0.03999566008752009
2020-11-10,0.007587757370988532
2020-11-11,-0.0017645100016865471
2020-11-12,-0.01581280595610074
2020-11-13,0.022651532464354845
2020-11-16,0.02117435423732032
2020-11-17,-0.000449875555206421
2020-11-18,-0.010055129531776518
2020-11-19,0.006815068477085954
2020-11-20,-0.004687886835215677
2020-11-23,0.017077354831993338
2020-11-24,0.02021548985490084
2020-11-25,-0.004561817946438158
2020-11-27,0.0003331856627473846
2020-11-30,-0.01179386136570289
2020-12-01,0.009833596964287643
2020-12-02,0.0014177141886921353
2020-12-03,0.005520056826370795
2020-12-04,0.0167534776215642
2020-12-07,-0.00427934410030048
2020-12-08,0.00370134432850756
2020-12-09,-0.0031243634205567615
2020-12-10,0.001497344898621362
2020-12-11,-0.0057396619572551415
2020-12-14,-0.008196600983248477
2020-12-15,0.017224132426064957
2020-12-16,-0.0034674288340351576
2020-12-17,0.007872857043489816
2020-12-18,-0.0036101531774358027
2020-12-21,-0.006103808600384131
2020-12-22,-0.0026298508282654705
2020-12-23,0.00735453945399217
2020-12-24,0.0015046572388694103
2020-12-28,0.0010478238781606905
2020-12-29,-0.0061355944783024995
2020-12-30,0.00772742353160478
2020-12-31,0.005846431043276059
2021-01-04,-0.016568832194174328
2021-01-05,0.012545188406145165
2021-01-06,0.02422262255415327
2021-01-07,0.009641287141714843
2021-01-08,0.0016803507205288319
2021-01-11,0.0005173845578105219
2021-01-12,0.009304217783877041
2021-01-13,-0.0033927231102275513
2021-01-14,0.005859284624793893
2021-01-15,-0.008959089657116281
2021-01-19,0.004908090562872435
2021-01-20,0.006320824960869893
2021-01-21,-0.005392406146905392
2021-01-22,-0.0022116938301035925
2021-01-25,9.17079340686665e-06
2021-01-26,-0.002031967313232257
2021-01-27,-0.019633812554458476
2021-01-28,0.007212105517286309
2021-01-29,-0.017248154519891545
2021-02-01,0.014396155004700371
2021-02-02,0.010026446546314651
2021-02-03,0.0038980544203332163
2021-02-04,0.012602210421651834
2021-02-05,0.007066539859413188
2021-02-08,0.012864816281572825
2021-02-09,-0.0010563966782058706
2021-02-10,0.00282024830501779
2021-02-11,0.00039234424220708505
2021-02-12,0.005252728097207258
2021-02-16,-0.00016166418359879036
2021-02-17,-0.001275910535243839
2021-02-18,-0.007719359733401701
2021-02-19,0.008832053822706224
2021-02-22,0.00022809447721501715
2021-02-23,0.0023089181229474596
2021-02-24,0.015461825129874894
2021-02-25,-0.02424109995725242
2021-02-26,-0.005461718946645299
2021-03-01,0.023808695684705197
2021-03-02,-0.0064751287483985395
2021-03-03,-0.005629776815053127
2021-03-04,-0.01580643316706575
2021-03-05,0.022654240938201224
2021-03-08,0.006411754047297239
2021-03-09,0.004572531001975607
2021-03-10,0.011481962492194152
2021-03-11,0.00912246940210723
2021-03-12,0.0074532315465735315
2021-03-15,0.011495087642459781
2021-03-16,-0.010509081896629614
2021-03-17,0.005324896169267157
2021-03-18,-0.013179341465456747
2021-03-19,0.00035342566763657784
2021-03-22,-0.0009978163859180242
2021-03-23,-0.019010906372116707
2021-03-24,-0.005002355126532998
2021-03-25,0.01571694916700786
2021-03-26,0.01941604505521414
2021-03-29,-0.008768909012692786
2021-03-30,0.004683988774671872
2021-03-31,0.0006151787392776897
2021-04-01,0.01101571251961411
2021-04-05,0.008233177085824408
2021-04-06,0.0015161410788611484
2021-04-07,-0.0038831812367585246
2021-04-08,0.0017104221547101864
2021-04-09,0.005367317399720784
2021-04-12,0.0013630414843749032
2021-04-13,-0.0017934064897499025
2021-04-14,0.00289652605890305
2021-04-15,0.007203739978152765
2021-04-16,0.004647299628627431
2021-04-19,-0.005427303467666686
2021-04-20,-0.010639008336344086
2021-04-21,0.014105090579928852
2021-04-22,-0.004548174031863578
2021-04-23,0.012037813505813174
2021-04-26,0.002697868951045714
2021-04-27,0.002517134793719184
2021-04-28,0.000903728807355186
2021-04-29,0.0047514892956513795
2021-04-30,-0.009295652453533424
2021-05-03,0.00744521579839781
2021-05-04,-0.0032399508851236026
2021-05-05,0.002938116992747973
2021-05-06,0.003968665102968835
2021-05-07,0.01097175729879096
2021-05-10,-0.006437923117113004
2021-05-11,-0.010255823233056774
2021-05-12,-0.025592857096880816
2021-05-13,0.013968241270452967
2021-05-14,0.018233357216393846
2021-05-17,0.0009664525116567976
2021-05-18,-0.009010043011275986
2021-05-19,-0.006601698068644556
2021-05-20,0.006293324315404011
2021-05-21,0.0019010100968376528
2021-05-24,0.005982392210020756
2021-05-25,-0.005753495034829339
2021-05-26,0.007053313374288106
2021-05-27,0.006605347431824966
2021-05-28,0.00033240366594262775
2021-06-01,0.005581879089106002
2021-06-02,0.0016166236150979736
2021-06-03,-0.0034187835250255334
2021-06-04,0.004740828536217891
2021-06-07,-0.0008256167476817592
2021-06-08,0.003812508547196744
2021-06-09,-0.0048431130888931945
2021-06-10,-9.83150255408e-05
2021-06-11,0.005345519018772201
2021-06-14,-0.0056263386073141155
2021-06-15,-2.0858848751959458e-05
2021-06-16,-0.006518380580054964
2021-06-17,-0.011990511069902694
2021-06-18,-0.017310520335603263
2021-06-21,0.019785679606989626
2021-06-22,0.0017721281868108198
2021-06-23,-0.0012366000164941104
2021-06-24,0.007236521347426966
2021-06-25,0.007029326567004326
2021-06-28,-0.00568581753056622
2021-06-29,-0.0006128018671145994
2021-06-30,0.00279288222889757
2021-07-01,0.006716031235458248
2021-07-02,0.0013463351377590717
2021-07-06,-0.01024844461381922
2021-07-07,0.0004602632080988279
2021-07-08,-0.010375123788582574
2021-07-09,0.017883767960392535
2021-07-12,0.0025645043217156598
2021-07-13,-0.011089838896911274
2021-07-14,-0.0034363443813217147
2021-07-15,-0.0032858470304582173
2021-07-16,-0.010288090583558642
2021-07-19,-0.019280472622561332
2021-07-20,0.021600599577179184
2021-07-21,0.011893868262226973
2021-07-22,-0.005010310728949058
2021-07-23,0.007265313459372408
2021-07-26,0.004594099027262745
2021-07-27,-0.003390529282312102
2021-07-28,0.0012734619724639519
2021-07-29,0.007540599224581855
2021-07-30,-0.002747471189327146
2021-08-02,-0.0021069806843179465
2021-08-03,0.008049996083442463
2021-08-04,-0.011767620615355284
2021-08-05,0.007946633094062133
2021-08-06,0.005101475182546857
2021-08-09,-0.0024318834180365395
2021-08-10,0.005159301724104542
2021-08-11,0.006792933193358289
2021-08-12,-0.0002640333109116587
2021-08-13,-0.0013767351539471914
2021-08-16,-0.0013344011085499698
2021-08-17,-0.009808717775986887
2021-08-18,-0.00974073854724877
2021-08-19,-0.004925833087671612
2021-08-20,0.008345534170229412
2021-08-23,0.008573437638499888
2021-08-24,0.007886760945382171
2021-08-25,0.005245996222796893
2021-08-26,-0.007875205317716339
2021-08-27,0.013133065910699479
2021-08-30,-0.003033167325533803
2021-08-31,0.00024827467402789544
2021-09-01,0.0002260938691231776
2021-09-02,0.007065504188941788
2021-09-03,-0.004010639953397184
2021-09-07,-0.008814661311994283
2021-09-08,-0.002476439427735986
2021-09-09,-0.0022460159193692783
2021-09-10,-0.008035962998702684
2021-09-13,0.005238025821596189
2021-09-14,-0.00860060432516858
2021-09-15,0.010536551180710708
2021-09-16,-0.002062157580818528
2021-09-17,-0.008383323603101187
2021-09-20,-0.016544646934947588
2021-09-21,-0.0029241253217014446
2021-09-22,0.011999583024472828
2021-09-23,0.014906076323723235
2021-09-24,0.0008660677153365381
2021-09-27,0.0044966585093735734
2021-09-28,-0.01509210885956937
2021-09-29,0.0006506325260217747
2021-09-30,-0.016121698213500943
2021-10-01,0.013279146884872759
2021-10-04,-0.0062757285122498185
2021-10-05,0.006763508122878496
2021-10-06,-0.0006443263997573719
2021-10-07,0.009716143622808936
2021-10-08,-0.0023822848617897074
2021-10-11,-0.005499898026404413
2021-10-12,0.0014480599471746076
2021-10-13,0.0026934893413716604
2021-10-14,0.01670015764330698
2021-10-15,0.0030581599302604177
2021-10-18,0.0017273056584953743
2021-10-19,0.005114845351786877
2021-10-20,0.007223227771928369
2021-10-21,0.0019273612740427735
2021-10-22,0.0025736253099744614
2021-10-25,0.003344318545107425
2021-10-26,-0.003127255103317908
2021-10-27,-0.014093860292943666
2021-10-28,0.011231009056248829
2021-10-29,-0.001973126465057172
2021-11-01,0.010480245152058868
2021-11-02,0.0032845733842942156
2021-11-03,0.007761763365051976
2021-11-04,-0.0026830483995723647
2021-11-05,0.008801721060891304
2021-11-08,0.0016296201659887653
2021-11-09,-0.0010037147529201942
2021-11-10,-0.00851283091659269
2021-11-11,0.003932771502379749
2021-11-12,0.0042964483019247626
2021-11-15,0.0014130545106645221
2021-11-16,0.0009962683582705452
2021-11-17,-0.0065909418543388925
2021-11-18,-0.0041016247551012575
2021-11-19,-0.007663581762281866
2021-11-22,0.0020163883911651255
2021-11-23,0.0025669225458264137
2021-11-24,-4.795795573143101e-08
2021-11-26,-0.02680661009744346
2021-11-29,0.006129802878995531
2021-11-30,-0.025622846144440693
2021-12-01,-0.015167041173695262
2021-12-02,0.024253119948280125
2021-12-03,-0.0066158676957568125
2021-12-06,0.01514407396893609
2021-12-07,0.016981853219369698
2021-12-08,0.004258754378741861
2021-12-09,-0.008761953802962595
2021-12-10,0.004650200480177714
2021-12-13,-0.010114854890889606
2021-12-14,-0.005387782960328991
2021-12-15,0.01053009936224807
2021-12-16,-0.004203656039488531
2021-12-17,-0.007719126421680508
2021-12-20,-0.01584210379297908
2021-12-21,0.022739549116146486
2021-12-22,0.007162303372229687
2021-12-23,0.00674321979505192
2021-12-27,0.012569536837098862
2021-12-28,0.0005291906256887106
2021-12-29,0.002754803183799944
2021-12-30,-0.001633578422210403
2021-12-31,0.0004955850181092155
2022-01-03,0.0030768386418863806
2022-01-04,0.008370343453523155
2022-01-05,-0.018254376242192442
2022-01-06,0.003295639038843079
2022-01-07,-0.0038503355242148077
2022-01-10,-0.004866016618817503
2022-01-11,0.010039499980650377
2022-01-12,0.0006519542250820469
2022-01-13,-0.0049943257000652375
2022-01-14,-0.0018807877541781454
2022-01-18,-0.01804647675937458
2022-01-19,-0.010663113577783875
2022-01-20,-0.014138394529589177
2022-01-21,-0.016930054342652292
2022-01-24,0.008989039716730962
2022-01-25,-0.01129741369455038
2022-01-26,-0.007967825574483882
2022-01-27,-0.0076815707923370054
2022-01-28,0.01799644832309508
2022-01-31,0.018624298211299038
2022-02-01,0.008798121513831973
2022-02-02,0.005658188316581906
2022-02-03,-0.016188943942791467
2022-02-04,0.00036518216274948156
2022-02-07,0.0008668701167906221
2022-02-08,0.010537399437417879
2022-02-09,0.01780954341191475
2022-02-10,-0.015748111585460533
2022-02-11,-0.014272472386605969
2022-02-14,-0.007583125195624466
2022-02-15,0.01745478429237119
2022-02-16,0.0027566930068218453
2022-02-17,-0.0201080978918196
2022-02-18,-0.004914279755721259
2022-02-22,-0.011949107024406897
2022-02-23,-0.01654338408272276
2022-02-24,0.01321005284230984
2022-02-25,0.025337899844479192
2022-02-28,-0.004504401236738297
2022-03-01,-0.019148418789705343
2022-03-02,0.023524676339314373
2022-03-03,-0.00475149310107518
2022-03-04,-0.010369601997287273
2022-03-07,-0.033171596530240946
2022-03-08,-0.0019117178407801597
2022-03-09,0.02418285081424535
2022-03-10,-0.0034542561254967677
2022-03-11,-0.01144142647565603
2022-03-14,-0.008317610218312552
2022-03-15,0.017069796854519953
2022-03-16,0.023799616262334226
2022-03-17,0.012969930476075444
2022-03-18,0.00871123112624473
2022-03-21,-0.0024884497025277593
2022-03-22,0.007581060457832385
2022-03-23,-0.01444818435224313
2022-03-24,0.011667411409734638
2022-03-25,0.0072744215192839645
2022-03-28,0.001907140611209191
2022-03-29,0.0169132689540858
2022-03-30,-0.00912925493553108
2022-03-31,-0.014479129275426716
2022-04-01,0.004328888387456084
2022-04-04,0.0017580312840959262
2022-04-05,-0.013420103013078628
2022-04-06,-0.007228841125571592
2022-04-07,0.0018478596918334721
2022-04-08,0.0017271917542420086
2022-04-11,-0.008782556479732806
2022-04-12,-0.0018287212073073707
2022-04-13,0.013071025559850765
2022-04-14,-0.006118870496055568
2022-04-18,-0.0027122180424961288
2022-04-19,0.019050690927898763
2022-04-20,0.005520775916957444
2022-04-21,-0.016333750933479742
2022-04-22,-0.028721315087542547
2022-04-25,0.0042062579448261805
2022-04-26,-0.025818973213277398
2022-04-27,0.0018458090773093205
2022-04-28,0.018585014632112158
2022-04-29,-0.031182050962290903
2022-05-02,0.003567740344181011
2022-05-03,0.008136574618974872
2022-05-04,0.02817856559222932
2022-05-05,-0.03407300801076385
2022-05-06,-0.011689837584846388
2022-05-09,-0.03455457726985575
2022-05-10,-0.0028891468794406587
2022-05-11,-0.014706022958361022
2022-05-12,0.005754328744151733
2022-05-13,0.02600581027577343
2022-05-16,-0.004838902769367466
2022-05-17,0.02302312791145302
2022-05-18,-0.040333610533763095
2022-05-19,-0.0019161653036103904
2022-05-20,-0.0003176064329834424
2022-05-23,0.012600871783265181
2022-05-24,-0.010785045737977932
2022-05-25,0.015609897052356003
2022-05-26,0.0235023387628728
2022-05-27,0.02313731482765848
2022-05-31,-0.009975493623257014
2022-06-01,-0.00962962216898805
2022-06-02,0.019245257014942743
2022-06-03,-0.01191094032338116
2022-06-06,0.003957124762371901
2022-06-07,0.009803852418477688
2022-06-08,-0.014834272415666129
2022-06-09,-0.02300668944501867
2022-06-10,-0.028432915491327152
2022-06-13,-0.04586478542094441
2022-06-14,-0.005301292009116198
2022-06-15,0.011579401824288666
2022-06-16,-0.04078350474303951
2022-06-17,0.004583478754571681
2022-06-21,0.01587333783250411
2022-06-22,-0.002888639229713626
2022-06-23,0.0067037270284555335
2022-06-24,0.03327539999688817
2022-06-27,-0.0009570628849777072
2022-06-28,-0.015545747730011038
2022-06-29,-0.007651145257208171
2022-06-30,-0.008309902758022146
2022-07-01,0.011521955322204468
2022-07-05,-0.002296335138196174
2022-07-06,-0.00253204869704727
2022-07-07,0.01699117584960451
2022-07-08,-0.0038003603875381535
2022-07-11,-0.011097254798449618
2022-07-12,-0.004156729592627081
2022-07-13,-0.004204062544606833
2022-07-14,-0.009440245048544665
2022-07-15,0.020192796198224366
2022-07-18,-0.0017363078417345235
2022-07-19,0.03082750893666413
2022-07-20,0.00811576109911776
2022-07-21,0.00622236955444193
2022-07-22,-0.007718912259671683
2022-07-25,0.003941043262919143
2022-07-26,-0.009450934977379482
2022-07-27,0.02090934194693922
2022-07-28,0.014529894736827056
2022-07-29,0.010531032691877421
2022-08-01,-0.0014215340291463612
2022-08-02,-0.006486965425823773
2022-08-03,0.010435356063416194
2022-08-04,-0.004388190654098315
2022-08-05,0.0020761562066144287
2022-08-08,0.005320037644544985
2022-08-09,-0.007726777555949476
2022-08-10,0.023059613939883414
2022-08-11,0.005706138959608559
2022-08-12,0.01587380425423884
2022-08-15,0.0006499382421673923
2022-08-16,0.004802817651429873
2022-08-17,-0.010628502033645078
2022-08-18,0.004007337589367576
2022-08-19,-0.014954967367094162
2022-08-22,-0.022929863951233094
2022-08-23,-0.0003705380826282992
2022-08-24,0.0046059229038227486
2022-08-25,0.01597781406129435
2022-08-26,-0.032814491961279516
2022-08-29,-0.00613417417452973
2022-08-30,-0.011929699541205856
2022-08-31,-0.007625675956970611
2022-09-01,-0.0015777908382303039
2022-09-02,-0.006391096575026918
2022-09-06,-0.004336336024507924
2022-09-07,0.02159141600922946
2022-09-08,0.008369808738178755
2022-09-09,0.016388949471528382
2022-09-12,0.010122653906677584
2022-09-13,-0.04136959794644698
2022-09-14,4.585304250430858e-05
2022-09-15,-0.008020557457158545
2022-09-16,-0.011260584720864003
2022-09-19,0.008822355709723732
2022-09-20,-0.01769754943708384
2022-09-21,-0.015802712215527565
2022-09-22,-0.01719914534757009
2022-09-23,-0.019371952345551162
2022-09-26,-0.015384498327107865
2022-09-27,-0.0012632833525200611
2022-09-28,0.024803360189352103
2022-09-29,-0.021359519191057802
2022-09-30,-0.011042414976731987
2022-10-03,0.028725304874291657
2022-10-04,0.0364949885786668
2022-10-05,-0.0032124704396529888
2022-10-06,-0.010817272455699235
2022-10-07,-0.024827382725398583
2022-10-10,-0.005919157216722442
2022-10-11,-0.0038315621291589446
2022-10-12,-0.005165671160870869
2022-10-13,0.02260138480264189
2022-10-14,-0.023148882798692514
2022-10-17,0.02486248624540213
2022-10-18,0.01504048026167747
2022-10-19,-0.013245072221065548
2022-10-20,-0.010523156474196898
2022-10-21,0.02260119473458641
2022-10-24,0.009655198917033234
2022-10-25,0.020683066143535198
2022-10-26,0.0016936472070628317
2022-10-27,-2.0586771158844527e-05
2022-10-28,0.02019428657042251
2022-10-31,-0.004207013749119929
2022-11-01,0.002968226120452575
2022-11-02,-0.02631659093703511
2022-11-03,-0.005367228588879942
2022-11-04,0.01573227019260086
2022-11-07,0.008354549072120996
2022-11-08,0.00407467936422436
2022-11-09,-0.02094494947122366
2022-11-10,0.0564587805502543
2022-11-11,0.011930957096615711
2022-11-14,-0.012372598349131488
2022-11-15,0.011555426317143486
2022-11-16,-0.013045145860791914
2022-11-17,-0.004518037002096506
2022-11-18,0.006610623394546577
2022-11-21,-0.0022903604816166575
2022-11-22,0.014248504111077656
2022-11-23,0.003664726775211881
2022-11-25,0.0026954261756775687
2022-11-28,-0.01746876407256803
2022-11-29,0.003930843437394386
2022-11-30,0.024021607418743637
2022-12-01,0.0009905227991274068
2022-12-02,-0.00021817905255096693
2022-12-05,-0.021454946493008224
2022-12-06,-0.011482255341504244
2022-12-07,-0.0027846194452416763
2022-12-08,0.0067285533606800145
2022-12-09,-0.008669830465987132
2022-12-12,0.014396168042547383
2022-12-13,0.007288706217442216
2022-12-14,-0.005730041547057106
2022-12-15,-0.02335295818893577
2022-12-16,-0.01187978533441298
2022-12-19,-0.010263075305036732
2022-12-20,0.001876752017850885
2022-12-21,0.015494199128175484
2022-12-22,-0.011848783130960855
2022-12-23,0.0073609100369929105
2022-12-27,-0.00025423462813665943
2022-12-28,-0.015148567597726054
2022-12-29,0.018707102915841475
2022-12-30,-0.003604105791040128
2023-01-03,-0.0010035212949148727
2023-01-04,0.01669506865115277
2023-01-05,-0.010443811880791586
2023-01-06,0.023227017886119566
2023-01-09,0.0007248020618237482
2023-01-10,0.00853215285406636
2023-01-11,0.012256980197550362
2023-01-12,0.005205745176610994
2023-01-13,0.0030796837459643404
2023-01-17,-0.0014769932296296027
2023-01-18,-0.014638275437588137
2023-01-19,-0.011396960303410406
2023-01-20,0.017749124879185497
2023-01-23,0.012579602297818201
2023-01-24,-0.0021045481938290994
2023-01-25,0.0024147388995714378
2023-01-26,0.00843147453554993
2023-01-27,0.0017332821400597449
2023-01-30,-0.010306456898456813
2023-01-31,0.01787897007776107
2023-02-01,0.01166219207835759
2023-02-02,0.00943376989877338
2023-02-03,-0.010359813030625189
2023-02-06,-0.008733898394150593
2023-02-07,0.008239593655953295
2023-02-08,-0.010689282900306598
2023-02-09,-0.01032870028060451
2023-02-10,0.003155244970034922
2023-02-13,0.011761010953829806
2023-02-14,-0.0005765575599107187
2023-02-15,0.00596264311706052
2023-02-16,-0.011373247690036838
2023-02-17,-0.002275167004923184
2023-02-21,-0.022719729018891188
2023-02-22,-0.0007324928915250793
2023-02-23,0.004202880837342094
2023-02-24,-0.009814036202093328
2023-02-27,0.000675917833256886
2023-02-28,-0.0017627122119458715
2023-03-01,-0.0020397316656516613
2023-03-02,0.007849282158060807
2023-03-03,0.012401801344865671
2023-03-06,-0.006649543819364435
2023-03-07,-0.01537484019459305
2023-03-08,0.0017416303898958754
2023-03-09,-0.02195514419157632
2023-03-10,-0.022691617973681553
2023-03-13,-0.012960681405534408
2023-03-14,0.013368591033178067
2023-03-15,-0.01701892932847105
2023-03-16,0.012893307567237982
2023-03-17,-0.019127365672184874
2023-03-20,0.013776774023023587
2023-03-21,0.014799546663511546
2023-03-22,-0.023096373368234398
2023-03-23,-0.004324889799074412
2023-03-24,0.0067810012193625
2023-03-27,0.008141237329243487
2023-03-28,0.0026667930235524462
2023-03-29,0.014764863398496156
2023-03-30,0.004460833230377623
2023-03-31,0.016284454849818775
2023-04-03,0.0012521011709961502
2023-04-04,-0.0121332180148082
2023-04-05,-0.00424257969115631
2023-04-06,-0.00027851608893798754
2023-04-10,0.007798123678137023
2023-04-11,0.007243726523176612
2023-04-12,-0.005820706532687937
2023-04-13,0.00805929344725495
2023-04-14,-0.003703060608710901
2023-04-17,0.007161775878036252
2023-04-18,0.0005014176091042526
2023-04-19,-0.00020209460264512835
2023-04-20,-0.006740010178491943
2023-04-21,-0.000816016548041712
2023-04-24,0.0014477483931630364
2023-04-25,-0.01894454474063577
2023-04-26,-0.009876942589883433
2023-04-27,0.016075526302886122
2023-04-28,0.010529108021017954
2023-05-01,-0.00039075352754714684
2023-05-02,-0.016047828799639514
2023-05-03,-0.00529046857814903
2023-05-04,-0.013405107189826208
2023-05-05,0.01933828254988489
2023-05-08,-0.000897011160585496
2023-05-09,-0.003724824916401937
2023-05-10,-0.0014310173022721226
2023-05-11,-0.005029923343031953
2023-05-12,-0.00029021924239666625
2023-05-15,0.007073759685935047
2023-05-16,-0.01564290012296323
2023-05-17,0.015605317491384331
2023-05-18,0.008568523769555251
2023-05-19,-0.0054030020835245
2023-05-22,0.002863797285755664
2023-05-23,-0.009920777736322755
2023-05-24,-0.010684489844204868
2023-05-25,-0.0012362829829894039
2023-05-26,0.0088478907904581
2023-05-30,-0.002078159489543189
2023-05-31,-0.011085762277614746
2023-06-01,0.008013952018271129
2023-06-02,0.025451207664134477
2023-06-05,-0.005894171979475132
2023-06-06,0.010410459184904592
2023-06-07,0.009923153381096672
2023-06-08,-0.000657176293312681
2023-06-09,-0.002746828674238803
2023-06-12,0.006068034461248986
2023-06-13,0.010411971207127085
2023-06-14,-0.0026126481336421915
2023-06-15,0.012048430947041925
2023-06-16,-0.0023068977379896985
2023-06-20,-0.008995534224997001
2023-06-21,-0.001858565501791919
2023-06-22,-0.0052037682524464285
2023-06-23,-0.009323705964271362
2023-06-26,0.0067153747132288845
2023-06-27,0.013129441638104365
2023-06-28,-0.001771909589758409
2023-06-29,0.008846626071335066
2023-06-30,0.008734064101510156
2023-07-03,0.004354479046986182
2023-07-05,-0.006464300163956834
2023-07-06,-0.009405718738338502
2023-07-07,0.005192845757871696
2023-07-10,0.009404329971281603
2023-07-11,0.012163772384390422
2023-07-12,0.004929574728920813
2023-07-13,0.005072424170644184
2023-07-14,-0.007315414048472001
2023-07-17,0.002803255806205875
2023-07-18,0.007516914384028904
2023-07-19,0.005397747311108989
2023-07-20,-0.0026483125895948164
2023-07-21,0.0003010588924298722
2023-07-24,0.0029527534819141416
2023-07-25,0.0006821464001033347
2023-07-26,0.002678910666893145
2023-07-27,-0.009724890037051882
2023-07-28,0.006521239466182643
2023-07-31,0.00407631597411667
2023-08-01,-0.0032883046122762715
2023-08-02,-0.010838792017500284
2023-08-03,-0.005078607367987362
2023-08-04,-0.00373130057329546
2023-08-07,0.008985864015044052
2023-08-08,-0.005764545380649652
2023-08-09,-0.004434991915724969
2023-08-10,-0.00018226701132459259
2023-08-11,-0.0006884599288230213
2023-08-14,0.00046172144577060533
2023-08-15,-0.013985575508950788
2023-08-16,-0.006916238159155773
2023-08-17,-0.007021633759576382
2023-08-18,0.0007796275280414888
2023-08-21,-0.000994996502870132
2023-08-22,-0.004469649153464776
2023-08-23,0.00900612314161234
2023-08-24,-0.010406061450390573
2023-08-25,0.004254690761469042
2023-08-28,0.007730914762141411
2023-08-29,0.012001546664487503
2023-08-30,0.0031815335706947717
2023-08-31,-0.0018415264924431735
2023-09-01,0.004674626958533348
2023-09-05,-0.013538126449736027
2023-09-06,-0.0031153175780651286
2023-09-07,-0.005420284392585569
2023-09-08,0.00010237074631939887
2023-09-11,0.000946062555175216
2023-09-12,-0.0009659784337856666
2023-09-13,-0.004461986984254012
2023-09-14,0.012419135981638584
2023-09-15,-0.007958929415989736
2023-09-18,-0.0027817951763297937
2023-09-19,-0.0016176980911277161
2023-09-20,-0.004272250262785373
2023-09-21,-0.017369833083899604
2023-09-22,-0.003642490108946169
2023-09-25,0.0023523224507001456
2023-09-26,-0.014976117329979787
2023-09-27,0.0022461211785292584
2023-09-28,0.007870039283628533
2023-09-29,-0.002377470446764042
2023-10-02,-0.011480256567157468
2023-10-03,-0.014128953421648986
2023-10-04,0.004731554590575537
2023-10-05,-0.0039686088261054586
2023-10-06,0.007988353025477998
2023-10-09,0.0075559959328428275
2023-10-10,0.00904312351569241
2023-10-11,0.0017350496042591033
2023-10-12,-0.014841398993766224
2023-10-13,-0.0030442578876534385
2023-10-16,0.013726025065171149
2023-10-17,0.007082000978426572
2023-10-18,-0.017520651546633462
2023-10-19,-0.012943459300784867
2023-10-20,-0.012448004562046956
2023-10-23,-0.0071673932401105835
2023-10-24,0.006829136333837804
2023-10-25,-0.01275505040957642
2023-10-26,-0.0019406848798670744
2023-10-27,-0.012477976108306948
2023-10-30,0.007954499308694449
2023-10-31,0.008949560498203554
2023-11-01,0.0017768836713478833
2023-11-02,0.024200262704624706
2023-11-03,0.019005410151646994
2023-11-06,-0.006539331907250777
2023-11-07,-0.002093287363524863
2023-11-08,-0.0022118684972225857
2023-11-09,-0.011747104164263568
2023-11-10,0.012364896833661501
2023-11-13,-0.0029254235377348414
2023-11-14,0.032746475574487094
2023-11-15,0.005525441784591138
2023-11-16,-0.006549126469510091
2023-11-17,0.0064507625706493165
2023-11-20,0.004717892129841697
2023-11-21,-0.004337446883851216
2023-11-22,0.004721413004526983
2023-11-24,0.0038691661052896544
2023-11-27,-0.0030286306312467255
2023-11-28,-0.0007958998909855254
2023-11-29,0.005316915586236841
2023-11-30,0.0066591720209284765
2023-12-01,0.01852105928575213
2023-12-04,0.0017840423715738086
2023-12-05,-0.011021484211408951
2023-12-06,0.0005817943854460018
2023-12-07,0.006328866020104889
2023-12-08,0.004365670897053507
2023-12-11,0.00792820699060641
2023-12-12,0.0002036661640051297
2023-12-13,0.0230823870432525
2023-12-14,0.016930095723650743
2023-12-15,-0.007478632328843597
2023-12-18,0.0010923357070223073
2023-12-19,0.009958502720286595
2023-12-20,-0.01700873439344859
2023-12-21,0.01246848976648876
2023-12-22,0.003282574855461285
2023-12-26,0.007522683766731779
2023-12-27,0.0003267322845122404
2023-12-28,0.0017032301386805024
2023-12-29,-0.004506193543864138
2024-01-02,-0.0015252361551117365
2024-01-03,-0.01685307547740705
2024-01-04,-0.0017808347020892466
2024-01-05,0.0029892889396842103
2024-01-08,0.011621293038327617
2024-01-09,-0.005553527219918512
2024-01-10,0.0016697863401961101
2024-01-11,-0.00378792202237367
2024-01-12,-0.002133931553179765
2024-01-16,-0.007873860429128902
2024-01-17,-0.008238532815607805
2024-01-18,0.006050611366851931
2024-01-19,0.009010064542095648
2024-01-22,0.0074454702668776485
2024-01-23,2.3447183771483146e-05
2024-01-24,-0.004812964535741576
2024-01-25,0.009775336788493167
2024-01-26,0.0009539919572304615
2024-01-29,0.006542694326831442
2024-01-30,-0.0009147207744477635
2024-01-31,-0.014961362210152875
2024-02-01,0.011871357295530627
2024-02-02,-0.001985622109891081
2024-02-05,-0.010429243487002016
2024-02-06,0.0066915242504547515
2024-02-07,0.00283676762283854
2024-02-08,0.003802286489564746
2024-02-09,0.0022632144139896745
2024-02-12,0.008815510532402706
2024-02-13,-0.020719722603033244
2024-02-14,0.010793570156973045
2024-02-15,0.012423639306170587
2024-02-16,-0.006409945246296149
2024-02-20,-0.003986536434055877
2024-02-21,0.0013228754970347654
2024-02-22,0.009337036911157242
2024-02-23,0.0015956808661371333
2024-02-26,-0.004201317584259655
2024-02-27,0.005104504075357806
2024-02-28,-0.0010302803978373956
2024-02-29,0.005937714269348816
2024-03-01,0.005330205019884391
2024-03-04,0.0023481172055081537
2024-03-05,-0.004880319505924098
2024-03-06,0.0049387480489740225
2024-03-07,0.007884766692696473
2024-03-08,-0.0006484183618990537
2024-03-11,0.0013506790375553094
2024-03-12,0.0016567750958774716
2024-03-13,0.0008068326324403778
2024-03-14,-0.010578694011598522
2024-03-15,-0.001160972416645961
2024-03-18,0.002098691979644602
2024-03-19,0.006341387003318075
2024-03-20,0.010069467808161177
2024-03-21,0.008207798723801896
2024-03-22,-0.007950368970528369
2024-03-25,-0.0013651991999711927
2024-03-26,-0.0017301249708114217
2024-03-27,0.01691995781589828
2024-03-28,0.003782659902099261
2024-04-01,-0.005994584058016466
2024-04-02,-0.011110794579859602
2024-04-03,0.001172705861524804
2024-04-04,-0.010578888750375529
2024-04-05,0.0051860783766330965
2024-04-08,0.003674793253859641
2024-04-09,0.004444369342739394
2024-04-10,-0.01817966935369492
2024-04-11,-0.0005244091050660188
2024-04-12,-0.01674371887773131
2024-04-15,-0.010487772929749187
2024-04-16,-0.00514596198502269
2024-04-17,-0.0034097680530793643
2024-04-18,-0.0011614753521914359
2024-04-19,0.0036973055417311787
2024-04-22,0.008826573065952758
2024-04-23,0.00978327690688472
2024-04-24,0.0008541754734085503
2024-04-25,-0.00538081638531295
2024-04-26,0.0030596125764570433
2024-04-29,0.0068828227678864855
2024-04-30,-0.016355036932791153
2024-05-01,-0.0035786823262465442
2024-05-02,0.009327024225983863
2024-05-03,0.007361290770926562
2024-05-06,0.009140609984136419
2024-05-07,0.001204109367238124
2024-05-08,-0.0014182132284786264
2024-05-09,0.008209953661825815
2024-05-10,0.0004032367484978897
2024-05-13,0.0015890826940678652
2024-05-14,0.006964325769653944
2024-05-15,0.005651347492176108
2024-05-16,-0.002656903639034834
2024-05-17,-5.253545043820728e-05
2024-05-20,-0.0007856711559768953
2024-05-21,-0.0013419914308178391
2024-05-22,-0.004405528558156804
2024-05-23,-0.015383234697699082
2024-05-24,0.006256798147064249
2024-05-28,-0.006318625224712204
2024-05-29,-0.012298435092308175
2024-05-30,0.005515566739447437
2024-05-31,0.013911256773272807
2024-06-03,-0.0046572600811191625
2024-06-04,-0.004990212901511439
2024-06-05,0.006656403655848079
2024-06-06,-0.0013098751613074787
2024-06-07,-0.0051013529371880945
2024-06-10,0.002730298487523275
2024-06-11,-0.003961741049764635
2024-06-12,0.00594081937224877
2024-06-13,-0.004802395091426864
2024-06-14,-0.008472707683273044
2024-06-17,0.006748454845589139
2024-06-18,0.001325926563271791
2024-06-20,0.0008058095792429081
2024-06-21,0.0015378011220244228
2024-06-24,0.005723275079441691
2024-06-25,-0.008501077496440988
2024-06-26,-0.0032422140703644835
2024-06-27,0.0014459535229035597
2024-06-28,0.0026861125881717744
2024-07-01,-0.00850491109837985
2024-07-02,0.0034384423342164725
2024-07-03,0.0015248136181932332
2024-07-05,-0.002508015805821392
2024-07-08,0.0025268006395621585
2024-07-09,-0.0029428872525194853
2024-07-10,0.00935337284364728
2024-07-11,0.016138791151171426
2024-07-12,0.007577438412029418
2024-07-15,0.0019662312571263516
2024-07-16,0.019619019540879176
2024-07-17,-0.003908252592895155
2024-07-18,-0.01074787328216798
2024-07-19,-0.00782833628566159
2024-07-22,0.00938680093144459
2024-07-23,-0.0021473092481246446
2024-07-24,-0.013658980119138506
2024-07-25,0.0027574643792933813
2024-07-26,0.015155475885736867
2024-07-29,0.0008589409344812586
2024-07-30,0.003982544763944075
2024-07-31,0.005456083296617715
2024-08-01,-0.015418610622992615
2024-08-02,-0.023179705330927912
2024-08-05,-0.026143021657044338
2024-08-06,0.01080116439898163
2024-08-07,-0.009215203687028946
2024-08-08,0.0202525354673679
2024-08-09,0.0004304128364000276
2024-08-12,-0.005793690347651811
2024-08-13,0.013186383251590968
2024-08-14,0.0009742041931203466
2024-08-15,0.016406123579731594
2024-08-16,0.0028138543908960375
2024-08-19,0.008435994107900583
2024-08-20,-0.00563457837948096
2024-08-21,0.007969758266981142
2024-08-22,-0.0053478797967163386
2024-08-23,0.01622053320352107
2024-08-26,-0.0011135372313839413
2024-08-27,-0.0012504073847070217
2024-08-28,-0.00460571443880605
2024-08-29,0.004145207252177197
2024-08-30,0.0069232016704190175
2024-09-03,-0.016709192831399294
2024-09-04,-0.0022079754582913025
2024-09-05,-0.006981886991789393
2024-09-06,-0.012365826596197869
2024-09-09,0.008213239887413414
2024-09-10,-0.0011933447125671468
2024-09-11,0.0015248215410882996
2024-09-12,0.007131913795690049
2024-09-13,0.013099147175291564
2024-09-16,0.0068551095951394254
2024-09-17,0.0029255217000010445
2024-09-18,-0.0012212581398335248
2024-09-19,0.012156280695703051
2024-09-20,-0.004731163025586953
2024-09-23,0.0038668121416065753
2024-09-24,0.001829476982168409
2024-09-25,-0.008364598479867123
2024-09-26,0.00907798724436976
2024-09-27,0.005466090280150613
2024-09-30,0.001238449119946984
2024-10-01,-0.006371508636895667
2024-10-02,-0.0018022965208847528
2024-10-03,-0.004856082017620501
2024-10-04,0.008641195222722678
2024-10-07,-0.008575962169965302
2024-10-08,0.0018032589093980214
2024-10-09,0.0063183945355272785
2024-10-10,-0.0037529426136733235
2024-10-11,0.010994241601463735
2024-10-14,0.006318581312170012
2024-10-15,-0.003271227179679744
2024-10-16,0.007732281957913393
2024-10-17,-0.0008569813062819902
2024-10-18,0.0029632842832652065
2024-10-21,-0.010109599226147077
2024-10-22,-0.004991276864690074
2024-10-23,-0.004796601247701378
2024-10-24,0.00026065297592296917
2024-10-25,-0.005108390280614235
2024-10-28,0.006776771209249124
2024-10-29,-0.0022071644596437802
2024-10-30,-0.0005971106127924305
2024-10-31,-0.011831827869099235
2024-11-01,0.0009901397108214333
2024-11-04,0.0014120948036346953
2024-11-05,0.012034558783040075
2024-11-06,0.0255596885593505
2024-11-07,0.0015840734901996947
2024-11-08,0.002873773440680706
2024-11-11,0.00571521438268615
2024-11-12,-0.00835927499443535
2024-11-13,-0.0001848484739158234
2024-11-14,-0.006659479830113691
2024-11-15,-0.008763130995780166
2024-11-18,0.003959966406509632
2024-11-19,-0.0035309834463745707
2024-11-20,0.002014561646279553
2024-11-21,0.013395931005645755
2024-11-22,0.011015713116180218
2024-11-25,0.01233277888355789
2024-11-26,-0.002523448520372651
2024-11-27,-1.4026743984193308e-05
2024-11-29,0.0027466936032584928
2024-12-02,-0.0007323275011994876
2024-12-03,-0.005276938494013779
2024-12-04,-0.0008914074228662062
2024-12-05,-0.006431755274281798
2024-12-06,-0.0009275718997359406
2024-12-09,-0.0013859226742302896
2024-12-10,-0.0060920373829136225
2024-12-11,0.000700081952190451
2024-12-12,-0.004684349178189079
2024-12-13,-0.0046623276772295545
2024-12-16,-0.004104403805675436
2024-12-17,-0.007374401984826159
2024-12-18,-0.031174858601727237
2024-12-19,-0.004228719714387531
2024-12-20,0.012631041748354471
2024-12-23,0.001636893226333687
2024-12-24,0.007586209526361154
2024-12-26,0.0018456372943000824
2024-12-27,-0.007623220697800142
2024-12-30,-0.008319394879085926
2024-12-31,0.002667002607773349
